芞え靡備,忕极晇伎,忕极杻涽,忕极倛袨,喘窩,萸棧,蹊恇,忕怞杻涽,賑怞,缽怞,婀邈怞,葛怞,櫻怞,忕怞晇伎,忕潑綻,忕潑側疪
0066a1d365d658fe32.jpg,0,0,2,0,0,1,1,0,0,0,0,1,0,0,0
07a796442ae8d580e0.jpg,0,1,2,0,1,0,1,0,0,0,0,1,0,0,0
07c518cd77b509faeb.jpg,3,0,2,0,0,0,1,0,0,0,0,0,-1,0,0
09c714cc3e3b8c4a5c.jpg,0,1,2,0,0,0,1,0,0,0,0,1,0,0,0
0a4c45a0fc590212a9.jpg,2,0,2,0,0,1,1,0,0,0,0,1,1,0,0
0c65201892b9b5cc2f.jpg,4,1,2,0,0,0,1,1,0,0,0,0,0,0,0
0d5203577f6e1dbc8c.jpg,0,0,2,0,1,0,1,0,0,0,0,1,0,0,0
1050109245301dab11.jpg,3,1,2,0,1,0,1,0,0,0,0,1,0,0,0
106df8cd41184b2f4c.jpg,2,0,2,0,1,1,1,0,0,0,0,1,0,0,0
11672b02a159f8cccc.jpg,2,0,2,0,0,1,0,0,0,0,0,1,1,0,0
1503310713e4cd7d62.jpg,2,1,2,0,1,0,1,0,0,0,0,1,0,0,0
1739693404954.jpg,1,1,0,1,0,0,1,0,0,0,0,1,0,0,0
1739693701510.jpg,3,1,2,0,1,1,2,0,0,0,0,0,-1,0,0
1739693701519.jpg,2,0,2,0,0,1,0,0,0,0,0,1,1,0,0
1739693701534.jpg,0,0,2,0,1,1,0,0,1,0,0,0,2,0,0
1739693701555.jpg,4,1,2,0,1,1,1,0,0,0,0,1,1,0,0
1739693701565.jpg,4,1,2,0,1,0,1,0,0,0,0,1,0,0,0
1739693701570.jpg,0,1,2,0,1,0,1,0,1,0,0,0,0,0,0
1739693701585.jpg,1,1,0,0,1,1,1,0,0,0,0,1,0,0,0
1739693701595.jpg,2,0,2,0,0,1,1,0,0,0,0,1,0,0,0
1739693819649.jpg,1,1,0,1,0,0,1,0,0,0,0,1,0,0,0
1739693853834.jpg,2,1,1,0,1,0,1,0,0,0,0,1,0,0,0
1739693881994.jpg,2,1,2,0,1,0,1,1,0,0,0,0,0,0,1
1739694034963.jpg,0,0,1,0,1,0,0,0,0,0,0,1,1,0,0
1739694080557.jpg,4,0,2,1,0,1,0,0,0,0,0,1,1,0,0
1739694106497.jpg,1,1,2,1,0,1,1,0,0,0,0,1,0,0,0
1739694138397.jpg,2,0,2,0,0,1,1,0,0,0,0,1,0,0,0
1739694185347.jpg,0,1,0,1,1,0,1,0,0,0,0,1,0,0,0
1739694201192.jpg,2,0,2,0,0,1,1,0,1,0,0,0,1,0,0
1739694220587.jpg,2,0,2,0,0,1,0,0,0,0,0,1,1,0,0
1739694237417.jpg,2,0,2,0,1,0,0,0,0,0,0,1,0,0,0
1739694279046.jpg,2,0,2,0,1,1,0,0,0,0,0,1,0,0,0
1739694304896.jpg,2,1,2,1,1,0,1,0,0,0,0,1,0,0,0
1739694326131.jpg,2,0,1,0,1,1,1,0,0,0,0,1,0,0,0
1739694344281.jpg,0,1,2,0,0,1,1,0,0,0,0,1,0,0,0
1739694454165(1).jpg,2,0,2,0,0,1,0,0,0,1,0,1,0,0,0
1739694484465.jpg,2,0,1,0,0,1,1,0,0,0,0,1,0,0,0
1739694641909.jpg,1,1,2,1,0,1,0,0,0,0,0,1,0,0,0
1739694823453.jpg,0,0,2,1,0,1,0,0,0,0,0,1,1,0,0
1739695051952.jpg,2,1,2,0,1,0,1,1,0,0,0,0,0,0,0
19f722b6c6450edfaf.jpg,2,0,2,0,0,1,1,0,0,1,0,1,1,0,0
1b244a848e15839c8b.jpg,2,0,0,1,1,0,1,0,0,0,0,1,0,0,0
1da50371b11724e80a.jpg,3,1,0,0,0,0,1,1,0,0,0,0,0,0,0
1f8012632a7e40da43.jpg,0,0,1,0,0,1,0,0,0,0,0,1,0,0,0
210eb3cc414bcdddec.jpg,4,1,0,0,1,0,1,1,0,0,0,0,0,0,0
277cdf29bf8d91cf36.jpg,2,0,2,0,0,0,1,1,0,0,0,0,0,0,0
281c7f2e5ce25cd99f.jpg,4,0,0,0,1,1,1,0,0,0,0,1,0,0,0
28e213fdfabde611de.jpg,0,0,2,0,0,1,1,1,0,0,0,0,0,0,0
33e505b6b350b2bfd1.jpg,3,0,2,0,0,0,1,0,0,0,0,1,0,0,0
3a94e4c22d1ce2645e.jpg,3,0,2,0,0,1,1,0,0,0,0,0,0,0,0
3c9f96e95bfa018994.jpg,2,0,2,0,1,1,1,0,0,0,0,1,1,0,0
3dd3a91d2eaa0b75e1.jpg,4,0,2,0,0,0,1,0,0,0,0,1,0,0,0
4078e228e4076adf1a.jpg,2,1,2,0,1,0,1,0,0,0,0,1,0,0,0
42ef3157a331448f12.jpg,4,1,0,0,1,0,1,1,0,0,0,0,0,0,0
442cdd19f7c4398252.jpg,0,0,2,1,0,0,0,0,0,0,0,1,1,0,0
45eee001d4a2a4be68.jpg,2,0,2,0,0,1,0,0,0,0,0,1,1,0,0
474be577bacdb29d4b.jpg,0,0,2,0,0,0,1,1,0,0,0,0,0,0,0
4ad9a2a105f81eabd1.jpg,2,0,2,0,0,1,0,0,0,0,0,1,0,0,0
4d21d32b76fe02813b.jpg,1,0,2,0,0,1,0,0,0,0,0,1,0,0,0
4f207cab3817fede5e.jpg,2,0,2,0,0,0,1,0,0,0,0,1,0,0,0
4fa4859f5dc42ccd2a.jpg,4,0,0,1,0,1,0,0,0,0,0,1,0,0,0
5132a51b9a4b8ae0bf.jpg,0,1,0,0,0,1,1,0,0,0,0,1,0,0,0
521d0cee553f523e64.jpg,2,0,1,0,1,0,0,0,0,0,0,1,0,0,0
53b46f7cf9c4ac9c83.jpg,2,0,0,0,0,1,0,0,1,0,0,0,1,0,0
54685b47240cbf6bbd.jpg,0,1,2,1,0,1,1,0,0,0,0,1,0,0,0
546a474377b57ebded.jpg,0,1,2,1,0,0,1,1,0,0,0,0,0,0,0
54da4b92011d379ef0.jpg,3,0,2,0,0,1,1,1,0,0,0,0,0,0,0
55269c7dacd233de53.jpg,2,0,2,0,1,1,1,0,0,0,0,1,0,0,0
559e91afe18c5fc314.jpg,2,0,2,0,0,1,0,0,1,0,0,0,2,0,0
5607e20d7d454283b0.jpg,1,0,0,0,0,1,0,0,0,0,0,1,0,0,0
57afec13cb91ecfd2b.jpg,2,1,2,1,0,1,1,0,0,1,0,1,0,0,0
57e595f1d1f72b9156.jpg,3,1,1,0,0,1,1,1,0,0,0,0,0,0,0
58b6b21f2b922ce45e.jpg,0,1,1,0,0,1,1,1,0,0,0,0,0,0,0
5be0e54231d171f069.jpg,3,1,2,0,0,1,1,0,0,0,0,1,0,0,0
5c32b15a770b8bd0f6.jpg,2,0,2,0,1,1,0,0,0,0,0,1,0,0,0
60845943419d0f6e0e.jpg,2,1,2,0,1,0,1,0,0,0,0,1,0,0,0
611983fd6e2b9cf50b.jpg,1,0,2,0,0,1,1,0,0,0,0,1,0,0,0
62785435fbc7c608ec.jpg,2,0,2,0,0,0,0,0,0,0,0,1,2,0,0
628227e57c2ca6b700.jpg,3,1,2,0,0,1,1,0,0,0,0,0,0,0,0
63383020e173213147.jpg,0,0,0,0,0,1,0,0,0,0,0,1,2,0,0
63f6f573a3c447ac8d.jpg,4,1,2,0,1,0,1,0,0,0,0,1,0,0,0
64a40b5a0f232a201e.jpg,3,0,2,0,0,1,1,0,0,0,0,0,-1,0,0
65b3bca331c2708cdb.jpg,0,0,2,0,1,1,1,0,0,0,0,1,0,0,0
65fbd4eca5a139dea8.jpg,2,0,2,0,0,1,0,0,1,0,0,0,1,0,0
66c62d4054bc901697.jpg,2,0,2,0,1,1,0,0,1,0,0,0,1,0,0
70cbe9d223ef8342f7.jpg,0,0,2,0,0,1,0,0,1,0,0,0,0,0,0
7895c8c5374ac62727.jpg,0,1,0,1,0,1,1,1,0,0,0,0,0,0,0
79690f27f4db6c1873.jpg,2,1,0,0,1,0,1,0,0,0,0,1,0,0,0
797736a34ed359677b.jpg,4,0,2,0,0,1,1,0,0,0,0,0,-1,0,0
7a0f0e5cdc4fde77a1.jpg,0,0,1,0,0,1,0,0,0,0,0,1,1,0,0
8323ff93de0d6081e5.jpg,2,1,0,1,0,0,1,0,0,0,0,1,0,0,0
83baebe663b45c045a.jpg,2,1,2,0,0,1,1,0,0,0,0,1,0,0,0
8895df7c0ae7d6661a.jpg,2,1,1,0,0,1,0,0,0,1,0,0,0,0,0
895bc865cb149e5330.jpg,2,1,0,0,0,1,1,0,0,1,0,0,0,0,0
8af8da87b709857d60.jpg,2,1,2,0,0,1,1,0,0,1,0,0,1,0,0
8b6a6c1eaa172116ed.jpg,2,0,2,0,0,1,1,0,0,1,0,0,1,0,0
8d17dd0a1144a098bc.jpg,2,0,0,1,0,1,0,0,0,0,0,1,1,0,0
910d68102a9f078072.jpg,3,0,0,0,0,1,1,1,0,0,0,0,-1,0,0
918cfb863d74dfca4b.jpg,0,1,0,0,0,1,1,0,0,0,0,1,0,0,0
9812acbe6e6c880ec4.jpg,2,1,1,0,1,0,1,1,0,0,0,0,0,0,0
9d6033cfe3641565ce.jpg,0,1,0,0,0,1,1,0,0,0,0,1,0,0,1
9e0ec1ffcecfcb5e5b.jpg,2,1,2,0,1,1,1,0,0,0,0,1,0,0,0
9e3e9cf4940b94bf5d.jpg,0,0,2,0,1,0,0,0,0,0,0,1,0,0,0
9ebec92e9834981a35.jpg,2,0,0,1,0,1,0,0,0,0,0,1,1,0,0
a066bd561bbcb8198f.jpg,2,1,0,0,1,1,1,0,0,1,0,0,0,0,0
a11d917cd01bfb8c87.jpg,1,0,2,0,0,1,0,0,0,0,0,1,0,0,0
a194c4e79f6186410d.jpg,0,0,0,1,0,1,1,0,0,0,0,1,0,0,0
a2ab77096e82dae020.jpg,3,0,1,0,0,0,1,0,0,1,0,1,0,0,0
a36b5c13119af6dd44.jpg,0,0,0,0,0,1,0,0,0,0,0,1,0,0,0
a6433d1bdc6c8a5f3b.jpg,3,1,2,0,0,0,1,0,0,0,0,0,-1,0,0
a695655070a7921504.jpg,0,1,2,1,0,0,1,0,0,0,0,1,0,0,0
a86e36883edf5d2fa2.jpg,0,0,0,1,1,1,1,0,0,0,0,1,0,0,0
a8a681d2bfdd814537.jpg,2,0,2,0,0,1,0,0,0,0,0,1,0,0,0
a8cb09445aff56e9c4.jpg,0,1,1,0,1,0,0,0,0,0,0,1,0,0,0
a907e514681d96a451.jpg,2,1,2,0,0,0,1,0,0,0,0,1,0,0,0
a98267707cf7baae08.jpg,0,0,1,0,1,1,0,0,1,0,0,0,0,0,0
b042fa8de2ac34cf19.jpg,2,0,2,0,0,1,1,0,0,0,0,1,1,0,0
b174efe7ce8c0b2e20.jpg,3,0,1,0,0,1,0,0,0,1,0,1,1,0,0
b1e2b381cf1f54f4a1.jpg,2,0,1,1,0,1,1,0,0,0,0,1,1,0,0
b55ab7085bdd807988.jpg,3,0,2,0,0,1,1,0,0,0,0,1,0,0,0
b81314ff291a7ba227.jpg,0,0,0,1,0,1,1,0,0,0,0,1,0,0,0
b860b1ff472a845bcc.jpg,2,0,2,0,0,1,0,0,0,1,0,0,1,0,0
b967d8c12edc3420dd.jpg,1,1,0,1,0,0,0,1,0,0,0,0,0,0,0
c327ac679a53e9c456.jpg,2,0,2,0,1,1,0,0,1,0,0,0,1,0,0
c490ff2dd9abd17e98.jpg,0,1,2,1,1,1,0,0,0,1,0,1,0,0,0
c6bf8efd79cedf244d.jpg,3,1,2,0,1,0,1,0,0,0,0,1,0,0,0
c7f6b3dea13d9b51aa.jpg,2,1,2,0,1,0,1,1,0,0,0,0,0,0,0
c81e009a189223aed3.jpg,3,0,1,0,0,1,1,0,0,0,0,0,-1,0,0
ca857256220ca4735e.jpg,2,0,2,1,0,1,0,0,0,0,0,1,1,0,0
d1daa8bfa74bde5aa3.jpg,2,1,1,0,1,1,1,0,0,0,0,1,0,0,0
d37a68b9ea86d19c9c.jpg,3,1,1,0,0,1,1,0,0,1,0,0,0,0,0
d7a25df55bdf25f378.jpg,1,1,2,0,0,1,1,0,0,0,0,1,0,0,0
d7adeeee3a248f976b.jpg,2,1,1,0,0,0,1,0,0,0,0,1,0,0,0
d8ef461824fa3da0fd.jpg,0,1,2,1,1,0,1,0,0,0,0,1,0,0,0
d8fbc7e6ce2bb85069.jpg,2,1,2,0,1,1,1,0,0,0,0,1,0,0,0
da761efca5a81b5ccd.jpg,2,1,2,0,1,0,1,0,0,0,0,1,0,0,0
df312b8ecabee100c4.jpg,2,1,2,0,1,1,1,0,0,0,0,1,0,0,0
dfb1ceb4faf36203fa.jpg,2,1,1,0,1,0,1,0,0,0,0,1,0,0,0
e1cc60372069e8c1d0.jpg,3,0,2,1,0,1,1,0,0,1,0,0,0,0,0
e3f94212b01a25d789.jpg,2,0,2,0,1,1,1,0,1,0,0,0,1,0,0
e91b7162fe6ffb8027.jpg,2,1,0,1,1,1,1,0,1,0,0,0,0,0,0
e9f416a7fcadc89c03.jpg,0,0,0,1,0,1,0,0,1,0,0,0,2,0,0
ea7d627c8b4b56c113.jpg,0,1,1,0,1,0,0,0,0,0,0,1,0,0,0
ee1cc3c3ba9d1336bf.jpg,0,1,2,1,0,0,1,1,0,0,0,0,0,0,1
ee43368e96381ecacc.jpg,3,1,2,0,1,1,1,1,0,0,0,0,0,0,0
ef26f6709696e4f021.jpg,3,0,0,0,0,1,1,0,0,0,0,1,0,0,0
f218a1096ea07abae1.jpg,2,1,0,0,1,1,1,0,0,0,0,1,0,0,1
f2db5be490fba9fe02.jpg,2,0,2,0,0,1,1,0,0,0,0,1,0,0,1
f79baca1000a363a1c.jpg,4,0,0,1,0,0,0,0,0,0,0,1,0,0,1
snapa0002.jpg,0,1,2,1,1,0,1,1,0,0,0,0,0,0,0
snapa0003.jpg,0,0,0,0,1,1,0,0,0,0,0,0,0,0,0
snapa0004.jpg,4,0,2,0,1,1,1,0,0,0,0,1,0,0,0
snapa0005.jpg,0,1,2,0,1,0,1,0,0,0,0,1,0,0,0
snapa0006.jpg,2,0,0,0,1,0,0,1,0,0,0,0,0,0,0
snapa0007.jpg,2,0,1,0,1,1,0,0,0,0,0,1,0,0,0
snapa0008.jpg,2,1,2,1,1,0,0,0,0,0,0,1,1,0,1
snapa0009.jpg,2,0,2,0,1,1,1,0,0,0,0,1,0,0,0
snapa0010.jpg,4,1,2,0,0,1,1,0,0,0,0,1,0,0,0
snapa0011.jpg,2,1,0,0,0,1,1,0,0,0,0,1,0,0,0
snapa0013.jpg,2,0,2,0,1,1,1,0,0,0,0,1,0,0,0
snapa0014.jpg,2,0,2,0,1,1,0,0,1,0,0,0,0,0,0
snapa0015.jpg,2,0,2,0,1,1,0,0,0,0,1,0,0,0,0
snapa0016.jpg,0,0,2,0,0,1,0,0,0,0,0,1,0,0,0
snapa0017.jpg,2,0,2,0,0,1,0,0,0,0,0,1,1,0,1
snapa0018.jpg,0,0,0,0,1,1,0,0,0,0,0,1,0,0,0
snapa0019.jpg,2,0,2,0,0,1,0,0,1,0,0,0,0,0,0
snapa0020.jpg,2,0,2,0,0,1,0,0,0,0,0,1,1,0,0
snapa0021.jpg,1,0,2,1,0,1,0,0,0,0,1,0,0,0,0
snapa0022.jpg,2,0,0,0,0,1,0,0,1,0,1,0,1,0,1
snapa0023.jpg,0,0,2,0,0,1,0,0,1,0,0,0,0,0,0
snapa0024.jpg,2,0,0,0,0,1,1,1,0,0,0,0,0,0,0
snapa0025.jpg,0,1,2,0,1,1,0,0,1,0,0,0,1,0,0
snapa0026.jpg,2,0,2,0,0,1,0,0,1,0,0,0,1,0,0
snapa0027.jpg,3,0,2,0,0,1,0,0,1,0,0,0,1,0,0
snapa0028.jpg,2,0,2,0,1,1,0,0,0,0,1,0,1,0,0
snapa0029.jpg,0,1,2,0,0,1,0,1,0,0,0,0,1,0,1
snapa0030.jpg,2,0,0,0,0,0,0,0,0,0,0,1,1,0,1
snapa0031.jpg,2,1,2,0,0,1,0,0,1,0,0,0,1,0,0
snapa0032.jpg,2,0,2,0,1,1,1,0,0,0,0,0,1,1,0
snapa0033.jpg,0,0,2,0,0,1,0,0,1,0,0,0,3,0,1
snapa0034.jpg,0,0,2,0,0,1,0,0,0,0,0,1,3,0,0
snapa0035.jpg,2,0,0,0,0,1,0,0,1,0,0,0,2,0,0
snapa0036.jpg,2,0,2,0,0,1,0,0,1,0,0,0,1,0,0
snapa0037.jpg,0,1,2,1,1,0,1,0,0,0,0,1,3,0,0
snapa0038.jpg,0,0,0,0,0,0,0,0,1,0,0,0,1,0,0
snapa0039.jpg,2,1,2,0,0,1,1,1,0,0,0,0,0,0,0
snapa0040.jpg,4,0,2,0,0,1,0,1,0,0,0,0,3,0,0
snapa0041.jpg,2,1,2,1,1,1,0,0,0,0,0,1,2,0,0
snapa0042.jpg,0,1,2,0,1,0,1,0,1,0,0,0,0,0,0
snapa0043.jpg,3,0,2,0,0,1,1,0,1,0,0,0,1,0,0
snapa0044.jpg,0,1,2,1,0,1,1,0,0,0,0,1,0,0,1
snapa0045.jpg,0,0,2,0,0,1,1,0,0,0,0,1,0,0,0
snapa0046.jpg,2,0,2,0,1,1,0,0,1,0,0,0,1,0,0
snapa0047.jpg,4,1,2,0,1,1,0,0,0,0,0,1,1,0,0
snapa0048.jpg,3,1,2,0,0,0,1,0,0,0,0,0,-1,0,0
snapa0049.jpg,4,1,0,1,1,0,1,0,0,0,0,1,0,0,0
snapa0050.jpg,0,1,2,0,1,1,0,0,0,0,0,1,0,0,0
snapa0051.jpg,2,0,2,0,0,1,0,0,0,0,0,1,0,0,0
snapa0053.jpg,2,1,2,1,1,0,1,0,0,1,0,0,1,0,0
snapa0054.jpg,2,0,2,0,0,1,1,0,0,0,0,1,0,0,0
snapa0055.jpg,2,0,1,0,1,0,1,0,1,0,0,0,1,1,0
snapa0056.jpg,2,0,2,0,1,0,0,0,0,0,0,1,0,0,0
snapa0057.jpg,0,1,2,1,0,1,1,1,0,0,0,0,0,0,0
snapa0058.jpg,2,0,2,0,1,1,1,1,0,0,0,0,0,0,0
snapa0059.jpg,2,0,2,0,1,1,1,0,0,0,0,1,0,0,0
snapa0060.jpg,0,1,0,1,0,1,1,1,0,0,0,0,0,0,0
snapa0061.jpg,2,0,2,0,0,1,0,0,0,1,0,0,1,0,0
snapa0062.jpg,0,1,0,1,0,1,0,1,0,0,0,0,0,0,0
snapa0063.jpg,0,1,0,1,1,0,1,1,0,0,0,0,0,0,1
snapa0064.jpg,0,1,2,0,0,0,1,0,0,0,0,0,0,0,0
snapa0065.jpg,3,0,2,0,0,1,0,0,0,1,0,0,1,0,0
snapa0066.jpg,3,1,2,0,0,1,1,1,0,0,0,0,1,0,0
snapa0067.jpg,3,1,2,1,0,1,1,1,0,0,0,0,0,0,0
snapa0068.jpg,0,1,2,0,0,1,1,0,0,1,0,0,0,0,0
snapa0069.jpg,3,0,2,0,0,1,1,0,0,0,0,1,0,0,0
snapa0070.jpg,2,1,2,0,1,1,1,0,1,0,0,0,1,0,0
snapa0071.jpg,0,0,2,1,0,1,0,0,0,0,0,1,1,0,0
snapa0072.jpg,0,1,2,1,0,0,0,0,0,0,0,1,1,0,0
snapa0073.jpg,2,1,2,0,1,0,1,0,1,0,0,0,0,0,0
snapa0074.jpg,2,1,2,0,1,1,1,0,0,0,0,1,0,0,0
snapa0075.jpg,1,1,2,0,1,1,1,1,0,0,0,0,0,0,1
snapa0076.jpg,2,0,2,0,0,1,1,0,1,0,0,0,0,0,0
snapa0077.jpg,0,0,2,0,0,1,1,0,0,0,0,1,1,0,0
snapa0078.jpg,0,1,0,0,1,1,1,0,0,0,0,1,0,0,0
snapa0079.jpg,4,0,2,0,1,0,1,0,1,0,0,0,1,0,0
snapa0080.jpg,2,1,2,1,1,0,0,0,0,0,0,1,0,0,0
snapa0081.jpg,0,1,2,1,0,0,1,0,0,0,0,1,0,0,0
snapa0082.jpg,4,0,0,0,0,1,0,0,0,0,0,1,0,0,0
snapa0083.jpg,2,1,2,0,0,1,1,0,1,0,0,0,1,0,0
snapa0084.jpg,0,1,2,1,1,0,1,1,0,0,0,0,0,0,0
snapa0085.jpg,4,1,2,0,1,1,1,0,1,0,0,0,1,0,0
snapa0086.jpg,3,0,2,0,1,1,1,0,1,0,0,0,0,0,0
snapa0087.jpg,0,0,2,0,0,0,0,0,0,0,0,0,0,0,0
snapa0088.jpg,0,0,2,0,0,1,1,0,1,0,0,0,0,0,0
snapa0089.jpg,2,1,2,0,1,0,0,0,0,0,0,1,1,0,0
snapa0090.jpg,3,0,1,0,0,1,0,0,1,0,0,0,1,0,0
snapa0091.jpg,2,1,2,0,0,1,0,0,0,0,0,1,1,0,0
snapa0092.jpg,2,1,2,0,1,1,1,0,0,0,0,1,1,0,1
snapa0093.jpg,2,1,2,0,1,1,1,0,0,0,0,1,0,0,1
snapa0094.jpg,4,0,2,0,0,1,1,1,0,0,0,0,1,0,0
snapa0095.jpg,3,1,1,0,1,0,1,0,0,0,0,1,0,1,0
snapa0096.jpg,2,0,0,0,0,1,1,0,0,0,0,1,0,0,0
snapa0097.jpg,4,0,2,0,0,1,0,0,1,0,0,0,1,0,1
snapa0098.jpg,3,0,2,0,0,1,0,0,1,0,0,0,1,0,0
snapa0099.jpg,0,0,2,0,1,0,0,0,0,0,0,1,1,0,0
snapa0100.jpg,2,0,2,0,0,0,1,0,0,0,0,1,1,0,1
snapa0101.jpg,0,1,1,0,1,0,1,0,0,0,0,1,0,0,0
snapa0102.jpg,2,0,2,0,1,1,0,0,0,0,0,1,0,0,0
snapa0103.jpg,2,1,2,0,0,1,1,1,0,0,0,0,0,0,0
snapa0104.jpg,2,0,1,0,1,0,1,0,0,0,0,1,0,0,0
snapa0105.jpg,0,0,2,0,0,1,0,0,1,0,0,0,1,0,0
snapa0106.jpg,4,0,1,0,0,1,0,0,0,0,0,1,0,0,0
snapa0107.jpg,3,0,1,0,0,0,1,0,0,0,0,0,0,1,0
snapa0108.jpg,2,0,0,1,0,1,0,0,1,0,0,0,1,0,0
snapa0109.jpg,2,0,2,0,0,1,0,0,0,1,0,0,0,0,0
snapa0110.jpg,2,0,2,1,0,1,1,0,0,0,0,1,1,0,0
snapa0111.jpg,2,1,2,0,1,0,1,0,1,0,0,0,0,0,0
snapa0112.jpg,2,1,0,1,0,0,1,0,0,0,0,1,1,0,0
snapa0113.jpg,2,0,2,0,1,1,0,0,0,0,0,1,0,0,0
snapa0114.jpg,2,0,2,0,1,1,0,1,0,0,0,0,1,0,1
snapa0115.jpg,0,1,0,0,0,0,1,0,0,0,0,1,0,0,0
snapa0116.jpg,2,0,2,0,0,1,0,0,1,0,0,0,1,0,0
snapa0117.jpg,4,0,1,0,0,1,0,0,1,0,0,0,1,0,0
snapa0118.jpg,3,1,2,0,0,1,1,0,1,0,0,0,1,0,0
snapa0119.jpg,4,1,2,1,1,1,1,0,0,0,0,1,0,0,0
snapa0120.jpg,2,0,2,0,1,0,0,0,1,0,0,0,1,0,0
snapa0121.jpg,0,1,0,1,0,0,0,0,0,0,0,1,1,0,0
snapa0122.jpg,2,0,2,0,1,1,0,0,1,0,0,0,0,0,0
snapa0123.jpg,2,0,1,0,0,0,1,0,0,0,0,1,1,0,0
snapa0124.jpg,2,0,0,1,0,0,0,0,0,0,0,1,1,0,1
snapa0125.jpg,2,0,2,0,0,1,1,0,1,0,0,0,1,0,0
snapa0126.jpg,2,1,0,0,1,0,1,0,0,0,0,1,0,0,0
snapa0127.jpg,0,1,0,1,0,0,1,0,1,0,0,0,0,0,0
snapa0128.jpg,0,0,0,0,0,1,0,0,0,0,0,1,1,0,0
snapa0129.jpg,0,0,0,0,0,0,0,0,1,0,0,0,1,0,0
snapa0130.jpg,0,0,0,1,1,1,0,0,1,0,0,0,1,0,0
snapa0131.jpg,4,0,2,0,1,1,1,0,0,0,0,1,0,0,0
snapa0132.jpg,0,0,0,1,0,1,1,0,0,0,0,1,0,0,0
snapa0133.jpg,2,0,0,0,0,1,1,0,0,1,0,0,0,0,0
snapa0134.jpg,2,0,2,1,0,0,0,0,1,0,0,0,0,0,0
snapa0135.jpg,2,0,2,1,0,1,1,0,0,0,0,1,1,0,0
snapa0136.jpg,2,0,2,0,0,0,0,0,1,0,0,0,2,0,0
snapa0137.jpg,2,0,2,0,1,1,1,0,1,0,0,0,0,0,0
snapa0138.jpg,4,0,2,0,0,1,0,0,0,0,0,1,1,0,0
snapa0139.jpg,2,0,0,0,1,1,0,0,1,0,0,0,1,0,0
snapa0140.jpg,2,0,0,0,1,0,1,0,1,0,0,0,0,0,1
snapa0141.jpg,2,0,0,0,0,0,0,0,1,0,0,0,0,0,0
snapa0142.jpg,4,0,2,0,0,1,1,0,1,0,0,0,0,0,0
snapa0143.jpg,4,1,2,0,1,0,1,0,0,1,0,0,0,0,0
snapa0144.jpg,2,1,2,0,1,0,1,0,0,0,0,1,1,0,0
snapa0145.jpg,2,0,0,0,0,1,1,0,0,1,0,0,0,0,0
snapa0146.jpg,0,0,2,0,0,0,0,0,1,0,0,0,1,0,0
snapa0147.jpg,2,0,2,0,1,1,1,0,1,0,0,0,1,0,0
snapa0148.jpg,3,0,2,0,0,1,1,0,1,0,0,0,0,0,0
snapa0149.jpg,2,0,2,0,1,1,1,0,1,0,0,0,1,0,0
snapa0150.jpg,-1,-1,2,0,0,0,2,0,0,0,0,0,-1,0,0
snapa0151.jpg,2,0,2,0,0,1,1,0,1,0,0,0,0,0,0
snapa0152.jpg,2,0,2,0,1,0,0,0,1,0,0,0,0,0,1
snapa0153.jpg,2,0,0,1,0,1,1,0,0,0,0,1,0,0,0
snapa0154.jpg,0,0,0,1,0,0,1,0,0,0,0,1,0,0,0
snapa0155.jpg,2,0,2,0,0,1,1,0,0,0,0,1,0,0,0
snapa0156.jpg,2,0,0,0,1,0,0,0,1,0,0,0,1,0,1
snapa0157.jpg,2,0,0,0,1,1,0,0,1,0,0,0,1,0,1
snapa0158.jpg,2,0,2,0,1,1,1,0,1,0,0,0,0,0,0
snapa0159.jpg,0,0,0,1,0,1,0,0,0,0,0,1,1,0,0
snapa0160.jpg,0,0,0,1,0,1,0,0,0,0,0,1,0,0,0
snapa0161.jpg,2,0,2,0,0,1,0,0,0,0,0,1,1,0,0
snapa0162.jpg,2,0,2,0,0,1,0,0,0,0,0,1,1,0,0
snapa0163.jpg,2,1,2,0,0,1,1,0,0,0,0,1,1,0,0
snapa0164.jpg,0,0,2,0,0,1,0,0,1,0,0,0,0,0,0
snapa0165.jpg,2,0,1,0,0,1,0,0,1,0,0,0,1,0,0
snapa0166.jpg,2,0,2,0,0,1,1,0,0,0,0,1,0,0,0
snapa0167.jpg,2,0,0,0,0,1,1,0,0,0,0,1,0,0,0
snapa0168.jpg,2,0,0,0,1,1,0,0,0,0,0,1,0,0,0
snapa0169.jpg,2,0,0,0,1,1,1,0,0,0,0,1,0,0,0
snapa0170.jpg,2,0,0,1,0,1,1,0,0,1,0,1,0,0,0
snapa0171.jpg,2,0,0,1,0,1,1,0,0,1,0,1,0,0,0
snapa0172.jpg,2,0,0,1,0,1,1,0,0,1,0,1,0,0,0
snapa0173.jpg,2,0,0,1,1,0,1,0,0,0,0,1,0,0,0
snapa0174.jpg,2,0,0,1,1,0,1,0,0,0,0,1,0,0,0
snapa0175.jpg,2,0,0,0,0,1,0,0,1,0,0,0,1,0,0
snapa0176.jpg,2,0,2,1,0,1,0,1,0,0,0,0,1,0,0
snapa0177.jpg,0,0,0,1,0,1,0,0,1,0,0,0,1,0,0
snapa0178.jpg,0,0,0,0,0,1,1,0,1,0,0,0,1,0,0
snapa0179.jpg,2,0,2,1,0,1,1,0,0,0,0,1,1,0,0
snapa0180.jpg,2,0,0,0,0,1,1,0,0,0,0,1,0,0,0
snapa0181.jpg,2,0,2,0,1,1,1,0,0,0,0,1,0,0,0
snapa0182.jpg,0,0,2,0,1,1,0,0,0,0,0,1,0,0,0
snapa0183.jpg,2,1,0,0,0,1,1,0,0,0,0,1,0,0,0
snapa0184.jpg,2,1,0,0,1,0,1,0,0,0,0,1,0,0,0
snapa0185.jpg,2,0,0,1,0,0,0,0,0,0,0,1,0,0,0
snapa0186.jpg,2,0,0,1,0,0,1,0,0,0,0,1,0,0,0
snapa0187.jpg,0,0,2,1,0,0,0,0,1,0,0,0,1,0,0
snapa0188.jpg,2,0,0,0,0,0,0,0,0,0,1,0,1,0,0
snapa0189.jpg,2,0,2,1,0,0,1,0,0,0,0,1,1,0,0
snapa0190.jpg,2,0,0,0,0,0,0,0,0,0,1,0,1,0,0
snapa0191.jpg,2,0,0,0,0,1,0,0,1,0,0,0,1,0,0
snapa0192.jpg,2,0,0,0,1,1,1,0,0,0,0,1,0,0,0
snapa0193.jpg,2,0,0,0,1,1,0,0,0,0,0,1,0,0,0
snapa0194.jpg,4,0,2,0,0,1,1,0,0,0,0,1,0,0,0
snapa0195.jpg,4,0,2,0,0,1,1,0,0,0,0,1,0,0,0
snapa0196.jpg,4,0,1,0,0,1,1,1,0,0,0,0,0,0,0
snapa0197.jpg,2,0,0,0,1,0,0,0,0,0,1,0,1,0,1
snapa0198.jpg,2,0,1,0,0,0,1,0,0,0,0,1,0,0,0
snapa0199.jpg,2,0,0,0,1,0,0,0,1,0,0,0,2,0,0
snapa0200.jpg,4,0,2,0,1,0,1,0,1,0,0,0,1,0,0
snapa0201.jpg,2,0,1,0,0,1,1,0,1,0,0,0,1,0,0
snapa0202.jpg,2,0,2,0,1,0,1,0,0,0,0,1,0,0,0
snapa0203.jpg,4,0,2,0,0,1,0,0,1,0,0,1,3,0,0
snapa0204.jpg,2,0,0,1,1,0,0,0,0,0,0,1,2,0,0
snapa0205.jpg,2,0,0,0,1,1,1,0,0,0,0,1,0,0,0
snapa0206.jpg,2,0,0,1,0,1,1,0,0,0,0,1,0,0,0
snapa0207.jpg,2,0,0,1,0,1,1,0,0,0,0,1,0,0,0
snapa0208.jpg,2,0,0,1,0,1,0,0,1,0,0,0,1,0,0
snapa0209.jpg,3,0,0,0,0,1,0,0,0,1,0,0,1,0,0
snapa0210.jpg,3,0,0,1,0,1,1,0,0,0,0,1,0,0,0
snapa0211.jpg,2,0,2,0,0,1,1,1,0,0,0,0,1,0,0
snapa0212.jpg,0,1,2,0,0,1,1,0,0,0,0,1,0,0,0
snapa0213.jpg,0,0,0,1,1,0,1,0,0,0,0,1,0,0,0
snapa0214.jpg,2,0,2,1,1,0,1,0,1,0,0,0,1,0,0
snapa0215.jpg,2,0,1,0,0,1,1,0,0,0,0,1,0,0,0
snapa0216.jpg,2,0,2,0,0,1,1,0,0,0,0,1,0,0,0
snapa0217.jpg,3,0,2,0,0,1,0,0,0,0,0,1,1,0,0
snapa0218.jpg,4,0,2,0,0,1,1,0,1,0,0,0,1,0,0
snapa0219.jpg,2,0,0,0,0,1,1,0,0,0,0,1,1,0,1
snapa0220.jpg,2,0,0,0,0,0,1,0,0,0,0,1,1,0,1
snapa0221.jpg,0,0,0,1,0,1,1,0,0,0,0,1,0,0,0
snapa0222.jpg,0,0,0,1,0,1,1,0,0,0,0,1,0,0,0
snapa0223.jpg,2,0,0,0,0,1,1,0,0,0,0,1,0,0,1
snapa0224.jpg,2,0,2,0,0,1,1,0,0,0,0,1,0,0,1
snapa0225.jpg,2,0,2,0,0,1,1,0,0,0,0,1,0,0,1
snapa0226.jpg,2,0,0,1,1,0,1,0,0,0,0,1,1,0,0
snapa0227.jpg,2,0,0,1,1,1,1,0,0,0,0,1,0,0,0
snapa0228.jpg,2,0,2,0,0,1,1,1,0,0,0,0,1,0,0
snapa0229.jpg,3,0,2,0,1,1,1,0,0,0,0,1,0,0,0
snapa0230.jpg,2,0,2,0,0,1,1,0,0,0,0,1,0,0,0
snapa0231.jpg,0,0,0,1,1,0,1,0,0,0,0,1,0,0,0
snapa0232.jpg,2,0,0,1,1,0,1,0,0,0,0,1,0,0,0
snapa0233.jpg,0,1,2,0,1,1,1,0,1,0,0,0,0,0,0
snapa0234.jpg,0,0,0,1,1,0,1,0,0,0,0,1,0,0,0
snapa0235.jpg,3,0,0,0,1,1,0,0,0,0,0,1,0,0,0
snapa0236.jpg,0,0,1,0,1,0,0,0,0,0,0,1,0,0,0
snapa0237.jpg,4,0,2,0,0,0,1,0,0,1,0,0,0,0,0
snapa0238.jpg,4,0,2,0,1,0,1,0,0,0,0,1,2,0,0
snapa0239.jpg,2,0,2,0,1,0,0,0,0,0,0,1,0,0,0
snapa0240.jpg,3,0,0,0,0,1,0,0,0,0,0,1,1,0,0
snapa0241.jpg,2,0,2,0,0,1,1,0,0,0,0,1,0,0,0
snapa0242.jpg,2,1,2,0,0,1,1,0,0,0,0,1,0,0,0
snapa0243.jpg,2,1,0,0,0,0,1,0,0,0,0,1,0,0,0
snapa0244.jpg,0,1,0,1,0,1,1,0,0,0,0,1,0,0,0
snapa0245.jpg,0,1,0,1,0,1,1,1,0,0,0,1,0,0,0
snapa0246.jpg,2,1,0,0,1,0,1,0,0,0,0,1,0,0,0
snapa0247.jpg,2,1,0,1,1,0,1,0,0,0,0,1,0,0,0
snapa0248.jpg,2,1,2,1,1,0,1,0,0,0,0,1,0,0,0
snapa0249.jpg,3,1,2,0,1,0,1,0,0,0,0,1,1,0,0
snapa0250.jpg,3,1,2,0,1,1,1,0,0,1,0,0,0,0,0
snapa0251.jpg,3,1,2,0,0,1,1,1,0,0,0,0,0,0,0
snapa0252.jpg,2,0,0,0,1,1,0,0,1,0,0,0,0,0,0
snapa0253.jpg,4,0,0,0,0,1,1,0,0,0,0,1,1,0,1
snapa0254.jpg,2,0,2,0,0,1,0,0,0,0,1,0,0,0,0
snapa0255.jpg,2,0,2,0,0,1,0,0,0,0,0,1,1,0,1
snapa0256.jpg,0,0,0,1,0,1,1,0,1,0,0,0,0,0,0
snapa0257.jpg,4,1,2,1,1,0,1,0,0,0,0,1,0,0,0
snapa0258.jpg,2,0,1,0,0,1,0,0,1,0,0,0,1,0,0
snapa0259.jpg,2,0,0,1,0,0,0,0,0,1,0,0,1,0,0
snapa0260.jpg,2,1,2,0,1,0,0,0,0,1,0,0,0,0,0
snapa0261.jpg,0,1,0,0,1,0,0,0,0,0,0,1,0,0,0
snapa0262.jpg,2,0,0,0,0,1,0,0,0,0,0,1,1,0,0
snapa0263.jpg,2,0,2,0,1,0,0,0,0,0,0,1,1,1,0
snapa0264.jpg,3,0,0,0,0,1,1,0,0,0,0,0,0,0,0
snapa0265.jpg,0,0,0,0,0,1,0,0,0,0,0,1,0,0,0
snapa0266.jpg,0,0,0,0,1,1,0,0,0,0,0,1,0,0,0
snapa0267.jpg,0,0,0,0,0,1,0,0,0,0,0,1,1,0,0
snapa0268.jpg,1,0,0,1,1,0,0,0,0,0,0,1,0,0,0
snapa0269.jpg,2,1,2,0,1,0,1,0,0,0,0,1,0,0,0
snapa0270.jpg,2,1,0,0,0,0,1,1,0,0,0,0,0,0,0
snapa0271.jpg,1,0,2,0,0,1,0,0,0,0,0,1,0,0,0
snapa0272.jpg,2,1,2,0,1,0,0,0,0,0,0,1,0,0,0
snapa0273.jpg,4,1,0,0,1,1,1,0,0,0,0,1,0,0,0
snapa0274.jpg,2,1,2,0,0,0,0,0,0,0,0,1,0,0,0
snapa0275.jpg,4,0,1,0,0,0,0,0,0,0,0,1,0,0,0
snapa0276.jpg,2,0,0,0,0,0,0,0,0,0,0,1,1,0,0
snapa0277.jpg,2,0,0,0,1,1,0,0,0,0,0,1,1,1,0
snapa0278.jpg,2,0,2,1,1,0,0,0,0,0,0,1,0,0,0
snapa0279.jpg,4,0,2,0,0,0,0,0,0,0,0,0,1,0,0
snapa0280.jpg,0,0,2,0,1,1,0,0,0,0,0,1,0,0,0
snapa0281.jpg,4,1,2,1,0,1,1,0,0,0,0,1,0,0,0
snapa0282.jpg,4,0,2,0,0,0,1,1,0,0,0,0,0,0,0
snapa0283.jpg,2,0,2,0,1,1,0,0,1,0,0,0,1,0,0
snapa0284.jpg,1,1,2,1,1,0,0,0,0,0,0,1,0,1,0
snapa0285.jpg,2,1,2,1,0,1,1,0,0,0,0,1,0,0,0
snapa0286.jpg,0,1,2,1,0,0,1,0,0,0,0,1,0,0,0
snapa0287.jpg,4,0,1,0,1,0,0,0,0,0,0,1,0,0,0
snapa0288.jpg,3,1,2,0,0,0,1,1,0,0,0,0,0,1,0
snapa0289.jpg,0,0,0,0,1,0,0,0,1,0,0,0,0,0,0
snapa0290.jpg,0,1,0,0,1,0,0,1,0,0,0,0,0,0,0
snapa0291.jpg,4,1,1,0,1,1,1,0,0,0,0,1,0,0,0
snapa0292.jpg,4,0,0,0,1,0,1,0,0,0,0,0,0,0,1
snapa0293.jpg,4,0,0,0,0,1,0,0,1,0,0,0,0,0,1
snapa0294.jpg,2,0,2,0,0,1,1,0,0,0,0,1,0,0,0
snapa0295.jpg,0,0,2,1,0,1,0,0,0,0,0,1,0,0,0
snapa0296.jpg,2,0,0,0,1,0,0,0,0,0,0,1,0,0,1
snapa0297.jpg,2,0,0,1,0,0,1,0,0,0,0,1,0,0,0
snapa0298.jpg,4,1,0,0,0,1,0,1,0,0,0,0,0,0,0
snapa0299.jpg,0,0,0,0,0,1,0,0,0,0,0,1,1,0,1
snapa0300.jpg,2,1,2,0,0,1,1,0,0,0,0,1,0,1,0
snapa0301.jpg,4,0,2,0,0,1,0,0,1,0,0,0,1,0,0
snapa0302.jpg,4,0,2,0,0,1,0,0,0,0,0,1,1,0,0
snapa0303.jpg,1,1,0,0,0,1,1,0,0,1,0,0,0,0,0
snapa0304.jpg,2,0,0,0,0,1,0,1,0,0,0,0,1,0,0
snapa0306.jpg,3,1,1,0,1,0,1,0,0,0,0,1,0,1,0
snapa0307.jpg,3,0,0,0,0,1,1,0,0,0,0,1,0,0,0
snapa0308.jpg,2,0,2,0,1,0,0,0,0,0,0,1,1,0,0
snapa0309.jpg,2,1,2,0,0,0,1,0,0,0,0,1,0,0,0
snapa0310.jpg,0,0,0,0,0,1,1,0,0,0,0,1,0,0,0
snapa0312.jpg,4,1,0,0,1,0,0,1,0,0,0,0,0,0,0
snapa0313.jpg,3,1,2,0,1,0,1,0,0,0,0,1,0,0,0
snapa0314.jpg,2,0,0,0,1,0,1,0,0,0,0,1,0,0,1
snapa0315.jpg,0,1,0,1,1,0,1,0,0,0,0,1,0,0,0
snapa0316.jpg,2,0,0,0,1,0,1,0,0,0,0,1,0,0,0
snapa0317.jpg,0,1,2,0,0,1,0,1,0,0,0,0,1,0,0
snapa0318.jpg,2,0,2,0,1,0,1,0,0,0,0,1,0,0,1
snapa0319.jpg,0,1,0,0,0,0,0,1,0,0,0,1,0,0,0
snapa0320.jpg,0,1,0,1,0,0,0,0,0,0,0,1,0,0,0
snapa0321.jpg,4,0,2,0,0,0,0,0,0,0,0,1,0,0,0
snapa0322.jpg,2,0,0,0,0,1,0,0,1,0,0,0,0,0,0
snapa0323.jpg,0,0,1,0,0,0,0,0,0,0,0,1,0,0,0
snapa0324.jpg,4,1,2,0,0,0,1,0,0,0,0,1,0,1,0
snapa0325.jpg,0,1,0,0,0,1,1,0,0,0,0,1,0,0,0
snapa0326.jpg,0,1,0,0,1,0,0,0,0,0,0,1,0,0,0
snapa0327.jpg,2,0,0,1,0,1,0,0,0,0,0,1,1,0,0
snapa0328.jpg,4,0,2,0,0,1,0,0,1,0,0,0,0,0,0
snapa0329.jpg,2,1,1,0,0,0,0,0,0,0,0,1,1,0,0
snapa0330.jpg,2,-1,0,1,0,0,0,0,0,0,0,1,0,0,0
snapa0331.jpg,0,1,0,0,0,1,0,0,0,0,0,1,0,0,1
snapa0332.jpg,4,0,2,1,0,1,1,0,0,0,0,1,1,0,0
snapa0333.jpg,2,1,0,0,1,0,0,0,0,0,0,1,0,0,0
snapa0334.jpg,0,1,2,1,0,0,0,1,0,0,0,0,0,0,0
snapa0335.jpg,0,1,2,1,0,0,0,0,0,0,0,1,0,0,0
snapa0336.jpg,3,0,2,0,1,0,1,0,0,0,0,1,0,0,0
snapa0337.jpg,4,0,0,1,0,1,0,0,0,0,0,1,0,0,0
snapa0338.jpg,2,0,2,0,0,1,0,0,0,1,0,1,1,0,0
snapa0339.jpg,0,0,2,0,0,0,0,0,0,0,1,0,1,0,0
snapa0340.jpg,2,1,0,1,0,1,0,0,0,0,0,0,1,1,0
snapa0341.jpg,2,1,2,0,1,0,0,0,1,0,0,0,1,1,0
snapa0342.jpg,3,1,2,0,0,1,1,0,1,0,0,0,0,0,0
snapa0343.jpg,2,1,0,0,0,1,1,0,0,0,0,1,0,0,0
snapa0344.jpg,0,0,2,0,1,0,0,0,1,0,0,0,1,0,0
snapa0345.jpg,2,0,0,1,0,0,1,0,0,0,0,1,0,0,0
snapa0346.jpg,1,1,0,0,1,0,1,1,0,0,0,0,0,0,0
snapa0347.jpg,4,1,0,0,0,1,1,0,0,0,0,1,0,0,0
snapa0348.jpg,3,1,2,0,0,1,1,1,0,0,0,0,0,0,0
snapa0349.jpg,2,0,1,0,0,1,0,0,0,0,0,1,0,0,1
snapa0350.jpg,3,1,2,0,0,1,1,0,0,0,0,1,0,0,0
snapa0351.jpg,4,0,0,1,0,0,1,0,0,0,0,1,0,0,0
snapa0352.jpg,2,0,2,0,0,1,1,0,0,0,0,1,0,0,0
峚陓芞え_20250215174200.png,0,0,2,1,1,1,1,0,0,0,0,1,0,0,0
r200911052.0065.12[49a9563982a3].jpg,2,1,2,0,1,0,1,1,0,0,0,0,0,0,0
r200911052.0066.1[150287398235].jpg,3,0,2,0,0,1,1,0,0,0,0,0,-1,0,0
r200911052.0066.3[516282399239].jpg,2,1,2,1,0,0,1,0,0,0,0,1,0,0,0
r200911052.0066.8[50b9a639a25d].jpg,2,1,2,0,1,0,1,0,0,0,0,1,0,0,0
r200911052.0067.7[4959b4437238].jpg,1,0,2,0,0,0,0,0,0,0,0,1,0,0,0
r200911052.0068.1[13e2ac39627f].jpg,0,0,0,1,1,0,0,0,0,0,0,0,0,0,0
r200911052.0068.3[5052ab39a280].jpg,2,0,2,0,0,1,1,1,0,0,0,0,0,0,0
r200911052.0069.1[0d11b4393374].jpg,2,1,2,0,1,0,1,0,0,1,0,0,0,0,0
r200911052.0069.3[49a1b6398374].jpg,0,0,2,0,0,1,0,0,0,0,0,1,0,0,0
r200911052.0069.5[0d058239828d].jpg,-1,-1,2,0,0,0,2,0,0,0,0,0,-1,0,0
r200911052.0069.7[49a58139928b].jpg,-1,-1,2,0,0,0,2,0,0,0,0,0,-1,0,0
r200911052.0070.6[4fe88339a371].jpg,2,1,0,0,1,0,1,0,0,0,0,1,0,0,0
r200911052.0071.1[0fa31d396396].jpg,3,0,2,0,0,1,0,0,0,0,0,1,1,0,0
r200911052.0071.3[4c231c398394].jpg,2,0,2,0,0,1,1,0,0,0,0,1,0,0,0
r200911052.0071.5[10c73e385341].jpg,0,0,2,0,1,1,0,0,0,0,0,1,0,0,0
r200911052.0071.7[4c473d395342].jpg,4,0,0,0,0,1,0,0,1,1,0,0,1,0,1
r200911052.0072.1[1394dc39a2e2].jpg,0,0,2,0,0,1,1,0,0,0,0,1,0,0,0
r200911052.0072.5[1348083a035c].jpg,0,0,2,0,0,0,0,0,0,0,0,1,0,0,1
r200911052.0072.7[4f980e39e34f].jpg,2,0,2,0,0,1,0,0,1,0,0,0,1,0,0
r200911052.0073.1[0cc30c3973a4].jpg,3,0,1,0,0,1,0,0,0,0,0,1,1,0,0
r200911052.0073.3[49630b3983a6].jpg,2,1,2,0,0,1,1,0,1,0,0,0,1,0,0
r200911052.0074.5[51057139a374].jpg,2,0,2,0,0,1,0,0,0,0,0,1,2,0,0
r200911052.0074.7[14795c3a5286].jpg,0,0,2,0,0,1,0,0,0,0,0,1,3,0,0
r200911052.0074.9[51095c395284].jpg,2,0,2,0,0,1,0,0,0,0,0,1,3,0,0
r200911052.0076.3[5211fc39c2bc].jpg,0,1,0,0,1,0,1,0,0,1,0,0,0,0,0
r200911052.0077.2[48d10b3972a0].jpg,0,0,2,1,0,1,1,0,1,0,0,0,0,0,0
r200911052.0078.7[51594839c2bc].jpg,3,0,2,0,0,1,1,1,0,0,0,0,0,0,0
r200911052.0079.1[49510e39831e].jpg,2,0,2,1,0,1,1,0,0,0,0,1,0,0,0
r200911052.0079.4[0c8865394392].jpg,2,0,2,0,0,1,1,1,0,0,0,0,0,0,0
r200911052.0079.6[494866396392].jpg,3,0,2,0,0,1,1,0,0,0,0,1,1,0,0
r200911052.0080.0[14b10d39636c].jpg,3,0,2,0,0,1,0,0,0,0,0,1,0,0,0
r200911052.0080.10[50988d399338].jpg,3,1,2,0,1,0,1,1,0,0,0,0,0,0,0
r200911052.0080.2[5110fe39b379].jpg,2,0,0,0,0,1,1,0,1,0,0,0,0,0,0
r200911052.0080.8[14188d39733a].jpg,2,1,2,0,0,1,1,0,0,0,0,1,0,0,0
r200911052.0081.1[0cd2cb397307].jpg,4,1,0,0,1,0,1,0,0,0,0,1,0,0,1
r200911052.0081.3[4952c8399307].jpg,3,0,2,0,0,0,1,0,0,0,0,0,0,0,0
r200911052.0081.7[49665f3992d9].jpg,3,0,2,0,0,1,1,1,0,0,0,0,3,0,1
r200911052.0082.2[50910139a2b3].jpg,0,0,0,1,0,1,1,0,0,0,0,1,0,0,0
r200911052.0082.4[13c53439a2c1].jpg,3,0,2,0,0,1,1,0,0,0,0,0,-1,0,0
r200911052.0082.6[50453439b2c2].jpg,4,0,2,0,0,1,1,0,0,0,0,1,0,0,0
r200911052.0084.0[14411839d31e].jpg,2,0,1,0,0,0,1,0,0,1,0,1,0,0,0
r200911052.0084.2[51310a39832a].jpg,0,0,2,0,0,1,0,0,0,0,0,1,1,0,0
r200911052.0085.2[4967ae399330].jpg,4,0,2,0,0,1,0,0,0,0,0,1,0,0,0
r200911052.0086.0[14710739832d].jpg,2,0,2,0,0,1,1,0,0,1,0,1,0,0,1
r200911052.0086.2[51010b399328].jpg,4,0,2,0,0,1,1,0,0,0,0,1,0,0,0
r200911052.0086.6[5087ce39b276].jpg,0,0,0,1,0,0,0,0,0,0,0,1,0,0,0
r200911052.0087.1[0f7230397320].jpg,1,0,2,0,0,1,0,0,0,0,0,1,0,0,1
r200911052.0088.1[1446193982bc].jpg,2,0,2,0,1,1,1,0,0,0,0,1,0,0,0
r200911052.0089.6[0cf9343962bc].jpg,3,0,2,0,0,1,1,0,0,0,0,1,0,0,0
r200911052.0089.8[49793439b2bf].jpg,2,0,2,0,0,1,0,0,0,0,0,1,0,0,0
r200911052.0090.2[5691002fa28d].jpg,0,0,2,0,1,0,1,0,0,0,0,1,0,0,0
r201309370.0091.282ad6.jpg,2,1,2,0,1,0,1,1,0,0,0,0,0,0,0
r201309370.0092.2a9270.jpg,2,0,2,0,1,1,1,0,0,0,0,1,1,0,0
r201309370.0092.2e8359.jpg,2,0,1,0,1,1,0,0,0,0,0,1,0,1,0
r201309370.0092.304bc5.jpg,2,0,2,0,1,0,0,0,0,0,0,1,2,0,0
r201309370.0093.3205f8.jpg,2,0,1,0,1,1,0,0,0,0,1,0,0,0,0
r201309370.0093.348be7.jpg,2,0,2,0,1,1,0,0,0,0,0,1,1,0,0
r201309370.0093.383680.jpg,1,0,2,1,0,0,1,0,0,0,0,1,3,0,0
r201309370.0094.3a0dd1.jpg,2,0,0,0,0,1,1,0,0,0,0,1,0,0,1
r201309370.0095.3b4111.jpg,0,1,1,0,0,1,1,0,0,0,0,1,1,0,1
r201309370.0095.4a4f02.jpg,2,0,2,0,1,1,1,0,0,0,0,1,0,0,0
r201309370.0096.4ef764.jpg,2,0,2,1,0,1,1,0,0,0,0,1,0,0,0
r201309370.0096.50e598.jpg,1,0,2,0,0,1,0,0,0,0,0,1,0,0,0
r201309370.0097.51a771.jpg,2,0,2,0,0,1,0,0,0,0,0,1,1,0,0
r201309370.0097.521a6e.jpg,3,0,1,0,0,1,0,0,0,1,0,0,0,0,0
r201309370.0097.537db7.jpg,3,0,2,0,0,1,0,0,0,1,0,1,1,0,0
r201309370.0098.2[3c81223a8276].jpg,2,1,2,0,1,0,1,0,0,0,0,1,0,0,0
r201309370.0098.4[3b83f63b4328].jpg,3,1,2,0,0,1,1,0,0,0,0,0,-1,0,0
r201309370.0098.54c848.jpg,2,0,1,0,1,0,0,0,0,0,0,1,0,1,0
r201309370.0099.565dbd.jpg,4,0,2,0,0,0,1,0,0,0,0,1,2,0,1
r201309370.0099.56eba5.jpg,3,0,2,0,0,1,0,0,0,0,0,1,0,0,0
r201309370.0099.575e26.jpg,3,1,2,0,0,1,1,0,0,0,0,0,1,0,0
r201309370.0100.57ca0f.jpg,2,0,2,0,0,0,1,0,0,0,0,1,0,0,0
r201309370.0100.58b7bb.jpg,3,0,2,0,1,0,0,0,0,0,0,1,2,0,0
r201309370.0101.5a461b.jpg,3,1,2,0,0,1,1,0,0,0,0,1,0,0,0
r201309370.0101.5b0e9b.jpg,2,0,0,0,1,1,1,0,0,0,0,1,1,0,0
r201309370.0101.5ba751.jpg,0,1,2,1,1,0,1,0,0,0,0,1,0,0,0
r201309370.0102.5c062a.jpg,4,1,2,0,1,0,1,0,0,0,0,1,0,0,0
r201309370.0102.66df73.jpg,2,1,0,1,0,0,1,1,0,0,0,0,0,0,0
r201309370.0102.68618e.jpg,3,0,1,0,0,0,1,0,0,1,0,1,1,0,0
r201309370.0103.2[45e10e2e8290].jpg,1,0,0,0,1,0,1,0,0,0,0,1,0,0,1
r201309370.0103.6911c4.jpg,2,0,2,0,0,1,1,0,0,0,0,1,0,0,0
r201309370.0103.69c94c.jpg,0,0,2,0,0,1,1,0,0,1,0,1,0,0,1
r201309370.0104.6ab64c.jpg,0,0,2,0,0,1,1,0,0,0,0,1,0,0,0
r201309370.0105.6c838a.jpg,2,1,1,0,1,0,1,0,0,0,0,0,0,0,0
r201309370.0105.6d7a8c.jpg,3,1,2,0,1,0,1,0,0,0,0,0,0,0,0
r201309370.0106.6e02e7.jpg,3,0,2,0,0,1,1,0,0,0,0,0,0,0,0
r201309370.0106.6f51ae.jpg,3,0,2,0,0,1,1,0,0,0,0,0,0,0,0
r201309370.0106.6fc23a.jpg,0,1,2,0,0,1,1,0,0,0,0,1,0,0,0
r201309370.0107.70c199.jpg,0,0,2,1,0,0,0,0,0,0,0,1,1,0,0
r201309370.0108.72f969.jpg,3,0,2,0,0,1,1,0,0,1,0,1,0,0,0
r201309370.0108.74777d.jpg,3,0,2,0,0,1,1,0,0,0,0,1,1,0,0
r201309370.0110.76611d.jpg,-1,-1,2,0,0,0,2,0,0,0,0,0,-1,0,0
r201309370.0113.7[3ca89e38624e].jpg,0,1,2,1,1,0,1,0,0,0,0,1,0,0,0
r201309370.0114.2[0ea12430e3c8].jpg,2,0,2,1,1,0,0,0,1,0,0,1,1,0,0
r201309370.0115.4[2e26d74693c5].jpg,0,0,2,1,0,0,0,0,1,0,0,0,1,0,0
r201309370.0115.84315e.jpg,2,0,2,0,0,1,1,0,0,0,0,1,0,0,0
r201309370.0116.84f8b5.jpg,0,0,1,0,0,1,1,0,0,1,0,1,0,0,0
r201309370.0116.85cd5b.jpg,2,0,2,0,0,0,1,0,0,0,0,1,1,0,0
r201309370.0117.4[0ba69832a466].jpg,2,0,2,0,0,0,0,0,0,0,0,1,1,0,1
r201309370.0117.864700.jpg,2,0,1,0,1,0,1,0,0,0,0,1,0,0,0
r201309370.0118.6[4da78829636a].jpg,2,0,2,0,1,1,1,0,0,0,0,1,1,0,0
r201309370.0118.86fcb3.jpg,2,0,2,0,1,0,0,0,0,0,0,1,0,0,0
r201309370.0119.4[2e16da46d41e].jpg,2,0,2,0,1,1,0,0,0,0,0,1,1,0,0
r201309370.0119.88529e.jpg,2,0,2,0,0,0,0,0,0,0,0,1,1,0,0
r201309370.0120.890f57.jpg,2,0,2,0,1,1,0,0,0,0,0,1,0,0,0
r201309370.0120.8a687e.jpg,2,0,2,0,0,1,0,0,0,0,1,0,0,0,0
r201309370.0121.8b16ef.jpg,2,0,2,0,0,1,0,0,0,0,1,0,0,0,0
r201309370.0121.8bcc93.jpg,3,0,2,0,0,1,0,0,0,0,1,0,0,1,0
r201309370.0122.8c3196.jpg,2,0,2,0,1,1,0,0,0,0,1,0,0,0,0
r201309370.0122.8cb8a8.jpg,3,1,2,0,0,1,1,0,0,0,0,0,-1,0,0
r201309370.0123.8d322d.jpg,3,1,2,0,0,0,1,0,0,0,0,0,-1,0,0
r201309370.0124.2[0fc11e2aa54a].jpg,2,1,2,0,1,1,1,0,0,1,0,0,0,0,0
r201309370.0124.8ffeab.jpg,2,0,2,0,1,1,0,0,0,1,0,1,0,0,0
r201309370.0125.9e85c9.jpg,2,1,2,0,1,0,1,0,0,1,0,0,0,0,0
r201309370.0126.4[0f47ac496354].jpg,2,0,2,0,1,1,0,0,0,1,0,1,0,0,0
r201309370.0126.9f00b6.jpg,3,0,1,0,0,1,1,0,0,1,0,1,0,0,1
r201309370.0127.2[32616a41c3d8].jpg,2,0,2,0,0,1,1,0,0,1,0,1,1,0,0
r201309370.0128.a0ee3e.jpg,2,1,2,0,1,0,1,0,0,0,0,1,0,0,0
r201309370.0128.a17dbc.jpg,2,1,2,0,0,1,1,0,0,0,0,1,0,0,1
r201309370.0129.2[3a819e3ab440].jpg,0,0,2,0,0,1,0,0,0,0,0,1,0,0,0
r201309370.0129.aa1561.jpg,2,0,2,0,0,1,1,0,0,0,0,1,0,0,0
r201309370.0130.aa5a88.jpg,2,0,1,0,0,1,0,0,0,0,0,1,0,0,0
r201309370.0131.ae9cbe.jpg,2,0,2,0,0,1,0,0,0,0,1,1,0,0,0
r201309370.0131.af4562.jpg,3,0,1,0,0,1,0,0,0,0,0,1,1,1,0
r201309370.0132.4[0da73040039c].jpg,4,0,2,0,0,1,1,0,0,0,0,1,1,0,0
r201309370.0132.b05645.jpg,2,0,1,0,1,1,0,0,0,0,0,1,0,0,0
r201309370.0133.b0dcbb.jpg,2,0,0,1,0,1,0,0,0,0,0,1,1,0,0
r201309370.0133.b19369.jpg,2,1,2,0,1,0,0,1,0,0,0,0,1,0,0
r201309370.0134.b23093.jpg,3,0,1,0,0,1,0,0,0,0,0,1,1,0,0
r201309370.0134.c07ebf.jpg,2,0,0,0,0,1,0,0,1,0,0,0,1,0,0
r201309370.0135.c15902.jpg,2,0,2,0,1,1,0,0,1,0,0,0,1,0,0
r201309370.0135.c2035b.jpg,4,0,2,0,0,1,0,0,0,0,1,0,2,0,0
r201309370.0136.c287dd.jpg,2,0,2,1,0,1,0,0,0,0,0,1,1,0,0
r201309370.0136.c30a2d.jpg,0,0,0,0,1,1,0,0,1,0,0,0,2,0,0
r201309370.0137.c42f34.jpg,3,0,2,0,0,1,0,0,1,1,0,0,2,0,0
r201309370.0137.c6e720.jpg,2,0,2,1,0,0,0,0,1,0,0,0,3,0,0
r201309370.0138.c7f719.jpg,2,0,0,0,0,0,0,0,1,0,0,0,2,0,0
r201309370.0138.c8ccc9.jpg,2,0,2,0,1,0,0,0,0,0,0,1,3,0,0
r201309370.0139.249b49.jpg,2,0,2,0,0,0,0,0,1,0,0,0,2,0,0
r201309370.0139.257742.jpg,2,0,2,1,0,0,0,0,0,0,0,0,2,0,1
r201309370.0140.26747e.jpg,2,0,0,0,0,1,0,0,1,0,0,0,3,0,0
r201309370.0140.277b20.jpg,0,1,2,0,0,1,0,0,0,0,0,1,3,0,1
r201409834.0026.2[152754283288].jpg,0,1,0,1,0,1,1,0,0,0,0,1,0,0,0
r201409834.0028.3[440706311287].jpg,0,1,2,0,0,1,1,0,0,0,0,1,0,0,0
r201409834.0030.10[4a27262c2280].jpg,0,0,2,0,0,1,1,0,0,0,0,1,0,0,0
r201409834.0030.6[4632832f5288].jpg,1,1,0,1,0,1,1,0,0,0,0,1,0,0,0
r201409834.0030.8[10672030e28c].jpg,0,1,2,0,0,1,1,0,0,0,0,1,0,0,0
r201409834.0032.3[4c2264299287].jpg,2,1,2,0,0,1,1,0,0,0,0,1,0,0,0
r201409834.0032.8[4a773b2a5288].jpg,2,0,2,0,0,1,1,0,0,0,0,1,1,0,0
r201409834.0033.2[4c971d25a287].jpg,2,1,2,0,0,1,1,0,0,0,0,1,0,0,1
r201409834.0034.3[4a622d2cb286].jpg,0,0,2,0,0,1,0,0,0,0,0,1,0,0,0
r201409834.0034.5[0f56102f6286].jpg,2,0,2,0,0,1,1,0,0,0,0,0,-1,0,0
r201409834.0035.2[4d66db2aa28b].jpg,2,0,0,0,0,1,1,0,0,0,0,1,0,0,0
r201409834.0036.4[4d61452b1272].jpg,3,0,2,0,0,1,1,0,0,0,0,0,0,0,0
r201409834.0036.6[0e95b3317288].jpg,2,0,2,0,0,1,1,0,0,0,0,1,1,0,0
r201409834.0037.3[4b86fa292282].jpg,3,0,2,0,0,1,1,0,0,0,0,0,-1,0,0
r201409834.0038.1[15b357284285].jpg,0,0,2,0,1,1,1,0,0,0,0,1,1,0,0
r201409834.0039.2[500724285286].jpg,1,1,2,0,0,1,1,0,0,0,0,1,0,0,0
r201409834.0040.1[1232462f628a].jpg,0,1,2,0,1,1,1,0,0,0,0,1,0,0,0
r201409834.0040.3[4ca24628728a].jpg,0,0,2,0,0,1,1,1,0,0,0,0,0,0,0
r201409834.0040.8[46670a32e289].jpg,0,1,2,0,0,0,1,0,0,0,0,1,0,0,0
r201409834.0041.1[10a61f2d628a].jpg,2,0,2,0,0,1,1,1,0,0,0,0,0,0,0
r201409834.0041.3[45a61e33a28a].jpg,0,0,2,0,0,1,1,0,0,0,0,1,0,0,0
r201409834.0042.2[16c72c26628b].jpg,2,0,2,0,0,1,1,0,1,0,0,0,1,0,0
r201409834.0042.4[47a72c33b284].jpg,1,1,0,1,0,0,1,0,0,0,0,1,0,0,0
r201409834.0044.0[13818827c282].jpg,0,0,2,0,0,1,1,0,0,0,0,0,0,0,0
r201409834.0044.2[4591862dc285].jpg,0,1,2,0,0,1,1,0,0,0,0,1,0,0,0
r201409834.0044.5[0eb7342f3286].jpg,3,0,2,0,0,1,1,0,0,0,0,0,-1,0,0
r201409834.0044.7[45f7342ef280].jpg,0,0,0,1,0,1,1,0,0,0,0,1,0,0,0
r201409834.0045.1[1196cd3012a0].jpg,0,1,0,1,0,0,1,0,0,0,0,1,0,0,0
r201409834.0045.3[4946e5307288].jpg,2,0,2,1,0,1,1,0,0,0,0,1,1,0,0
r201409834.0046.1[3ff330389283].jpg,1,0,0,1,0,1,1,0,0,0,0,1,0,0,1
r201409834.0046.6[48c71f2d9288].jpg,0,1,0,1,0,0,1,0,0,0,0,1,1,0,0
r201409834.0047.2[4646d6321281].jpg,0,1,0,1,1,0,1,0,0,0,0,1,0,0,0
r201409834.0048.1[1354ec2a2287].jpg,2,0,0,0,0,1,1,1,0,0,0,0,0,0,0
r201409834.0048.3[4784eb2fe287].jpg,2,1,0,0,0,1,1,0,0,0,0,1,0,0,0
r201409834.0049.1[0fc7042f528c].jpg,2,1,2,0,0,1,1,0,0,0,0,1,0,0,0
r201409834.0049.3[4867042cc28c].jpg,0,0,2,0,0,1,1,0,0,0,0,1,0,0,0
r201409834.0050.1[1102aa26a288].jpg,0,1,2,0,0,0,1,0,0,0,0,1,0,0,0
r201409834.0050.3[4982a825228a].jpg,2,0,2,0,0,1,0,0,1,0,0,0,0,0,0
r201409834.0051.1[1406fd2a5275].jpg,0,1,1,0,0,0,1,1,0,0,0,0,0,0,0
r201409834.0051.3[4ba6ff2b927d].jpg,0,1,0,0,0,1,0,0,0,0,0,1,0,0,0
r201409834.0052.1[12b32f30928c].jpg,2,1,0,1,1,0,1,0,0,0,0,1,0,0,0
r201409834.0052.3[4bc32e2ab286].jpg,0,1,0,0,1,0,1,0,0,0,0,1,0,0,0
r201409834.0052.5[172701204289].jpg,0,0,1,0,1,0,1,0,1,0,0,0,0,0,0
r201409834.0052.7[4817012d728f].jpg,0,1,0,1,1,1,1,0,0,0,0,1,0,0,0
r201409834.0053.1[1336e62a7284].jpg,2,1,2,1,1,0,0,0,0,0,0,1,0,0,0
r201409834.0053.3[4d76e424e282].jpg,0,0,2,0,1,1,1,0,0,0,0,1,0,0,1
r201409834.0054.3[4cf2c42ac289].jpg,0,0,0,0,0,1,1,0,0,0,0,1,0,0,0
r201409834.0054.5[156715258287].jpg,2,1,0,0,0,1,1,1,0,0,0,0,0,0,0
r201409834.0054.7[4c87142ae288].jpg,0,0,0,0,0,1,1,0,0,1,0,0,0,0,1
r201409834.0055.1[1357442ab288].jpg,0,0,2,1,0,1,1,0,0,1,0,0,0,0,0
r201409834.0055.3[4a37442c6288].jpg,0,0,2,0,0,1,0,0,0,0,0,1,1,0,0
r201409834.0056.0[1a815b233289].jpg,0,0,2,1,0,1,1,0,1,0,0,0,1,0,0
r201409834.0056.2[4dc15c296288].jpg,0,0,1,0,0,1,1,0,0,0,0,1,0,0,0
r201409834.0056.6[4fe594299289].jpg,4,0,2,0,0,1,1,0,0,0,0,1,0,0,0
r201409834.0057.1[1426d82cf285].jpg,0,0,0,0,0,1,0,0,0,0,0,1,1,0,1
r201409834.0057.3[4e46ce26128e].jpg,2,0,2,0,0,1,1,0,0,0,0,1,0,0,0
r201409834.0058.3[4011b43d1298].jpg,2,0,2,0,0,1,1,1,0,0,0,0,0,0,0
r201409834.0058.5[10a5e236a29a].jpg,0,0,0,1,0,1,0,0,0,0,0,1,0,0,0
r201409834.0058.7[4ed5e5307298].jpg,2,0,1,0,0,1,1,0,0,0,0,1,0,0,0
r201409834.0059.1[14272a26627e].jpg,0,0,0,1,0,0,1,0,0,0,0,1,0,0,0
r201409834.0059.3[464727315287].jpg,0,0,0,1,1,0,0,1,0,0,0,0,1,0,1
r201409834.0060.1[15d29e29c285].jpg,0,1,0,1,0,0,1,0,0,0,0,1,0,0,0
r201409834.0060.3[49a29d302281].jpg,0,0,2,1,0,1,1,0,0,0,0,1,0,0,0
r201409834.0060.7[3ee668399285].jpg,0,0,2,1,0,1,1,0,1,0,0,0,1,0,0
r201409834.0061.4[4746592d6283].jpg,0,1,2,1,1,1,1,0,0,0,0,1,0,0,0
r201409834.0062.0[0e61732ef287].jpg,0,1,2,1,0,0,1,0,0,0,0,1,0,0,0
r201409834.0062.2[47716d2f327b].jpg,0,1,0,1,0,0,1,0,0,0,0,1,0,0,0
r201409834.0062.9[3b26f63ca270].jpg,2,0,2,0,0,1,1,0,0,0,0,0,0,0,0
r201409834.0063.3[48c72d337289].jpg,3,0,2,0,0,1,1,0,0,0,0,0,1,0,0
r201409834.0064.5[44c6ea32028c].jpg,2,0,2,0,0,1,0,0,0,0,0,1,0,0,0
r201409834.0066.7[0e170d2d8288].jpg,0,0,2,0,0,1,1,0,0,0,0,1,0,0,0
r201409834.0066.9[47270b2f2289].jpg,0,0,2,0,0,1,1,0,0,0,0,1,1,0,0
r201409834.0067.3[4e57202a2282].jpg,2,0,2,0,0,1,1,0,0,0,0,0,0,0,0
r201409834.0074.2[14a72c243288].jpg,2,1,2,0,1,1,1,0,0,0,0,1,0,0,0
r201409834.0074.4[4c672d28c287].jpg,2,1,2,0,0,1,1,1,0,0,0,0,0,0,0
r201409834.0075.3[56272824c287].jpg,0,1,2,1,0,0,1,0,0,0,0,1,0,0,0
r201409834.0076.1[16e3bc1d7289].jpg,0,0,2,0,0,1,0,0,1,0,0,0,1,0,0
r201409834.0076.3[4903bc282289].jpg,0,0,2,0,0,1,0,0,0,0,1,1,0,0,0
r201409834.0078.1[1022902c0286].jpg,0,1,0,0,0,0,1,1,0,0,0,0,0,0,0
r201409834.0078.3[47e28f2e1289].jpg,2,1,2,0,0,1,1,1,0,0,0,0,0,0,0
r201409834.0078.7[44c70032c285].jpg,0,0,2,0,0,1,0,1,0,0,0,0,1,0,1
r201409834.0079.1[19f713258287].jpg,2,0,2,0,0,1,1,1,0,0,0,0,0,0,0
r201409834.0079.3[518714241287].jpg,0,1,2,1,0,0,1,1,0,0,0,0,0,0,0
r201409834.0080.3[4e027c206286].jpg,0,0,1,0,0,1,0,0,1,0,0,0,0,0,1
r201409834.0080.5[1506f8262278].jpg,0,0,2,0,0,1,0,0,1,0,0,0,0,0,1
r201409834.0080.7[4b16f325527b].jpg,0,0,2,0,0,1,0,0,1,0,0,0,0,0,0
r201409834.0082.2[4ac2b224228a].jpg,0,0,2,0,0,1,1,0,0,0,0,1,0,0,0
r201409834.0082.4[13c70227b287].jpg,0,0,2,0,0,1,0,0,0,0,0,1,1,0,0
r201409834.0082.6[49e701297288].jpg,0,0,2,0,0,1,0,0,0,0,1,0,1,0,0
r201409834.0083.3[4866052d2287].jpg,2,0,2,0,1,1,0,0,0,0,0,1,1,0,0
r201409834.0084.2[4ba2d5292287].jpg,1,1,2,0,0,1,1,0,0,0,0,1,0,0,0
r201409834.0084.4[1236f227f28c].jpg,0,0,1,0,0,1,1,1,0,0,0,0,1,0,0
r201409834.0084.6[4b56f429a286].jpg,0,0,2,0,0,1,0,1,0,0,0,1,1,0,0
r201409834.0085.3[42e33a305272].jpg,0,0,0,0,1,0,1,1,0,0,0,0,0,0,0
r201409834.0085.5[13a74c291284].jpg,0,1,0,1,0,0,1,0,0,0,0,1,1,0,0
r201409834.0085.7[47a74d2ef286].jpg,2,0,2,0,0,1,1,1,0,0,0,0,0,0,0
r201409834.0086.1[1383bd28d289].jpg,1,0,2,0,0,1,0,0,0,0,0,1,0,0,0
r201409834.0086.3[4f43bb1f3287].jpg,0,1,1,0,0,0,0,0,0,0,0,1,0,0,0
r201409834.0088.0[14b1642b9287].jpg,2,0,2,0,1,1,1,0,0,1,0,1,0,0,0
r201409834.0088.2[4eb165273285].jpg,2,0,2,0,0,1,1,0,0,1,0,0,0,0,0
r201409834.0088.4[18a55f240285].jpg,1,0,2,0,0,1,0,0,0,0,0,1,0,0,0
r201409834.0088.6[4b155e2ca286].jpg,2,0,2,0,0,1,1,1,0,1,0,0,0,0,0
r201409834.0089.0[15717428a286].jpg,2,0,2,1,0,1,1,0,0,0,0,1,0,0,0
r201409834.0089.2[4b21732a4287].jpg,2,1,2,0,0,1,0,0,0,1,0,0,0,0,0
r201409834.0089.6[4dc50c284284].jpg,1,0,2,0,0,0,2,1,0,0,0,0,0,0,0
r201409834.0090.0[16c15c23a287].jpg,2,1,2,0,0,1,1,0,0,1,0,0,0,0,0
r201409834.0090.2[4a715d296287].jpg,2,0,2,0,1,1,0,0,0,1,0,1,0,0,0
r201409834.0090.6[53257c1d9286].jpg,0,1,0,0,0,0,1,0,0,1,0,0,0,0,0
r201409834.0091.3[4e422226f284].jpg,1,0,2,0,0,1,0,0,0,0,0,1,0,0,0
r201409834.0091.5[4da5f028b282].jpg,0,0,0,1,0,1,1,0,0,0,0,1,0,0,1
r201409834.0092.2[48e15a2b6286].jpg,2,0,2,0,0,1,1,0,0,1,0,0,1,0,0
r201409834.0092.4[18a70c205280].jpg,0,1,0,1,0,1,1,0,0,0,0,1,0,0,0
r201409834.0092.6[4d670723c281].jpg,2,1,2,0,1,0,1,0,0,1,0,0,0,0,0
r201409834.0094.1[103702250288].jpg,2,1,2,0,0,0,1,0,0,0,0,1,0,0,0
r201409834.0096.1[1084a82bb284].jpg,0,1,0,1,0,0,1,1,0,0,0,0,0,0,0
r201409834.0096.3[4da4a4206288].jpg,0,0,2,1,0,1,1,0,0,0,0,1,0,0,0
r201409834.0097.5[4d23062c4288].jpg,0,0,2,1,0,1,1,0,0,0,0,1,0,0,0
r201409834.0097.7[4de69a2bd285].jpg,0,0,0,0,0,1,1,0,1,0,0,0,0,0,0
r201409834.0098.5[4d66c72a0288].jpg,2,0,2,0,0,1,1,0,0,0,0,1,0,0,0
r201409834.0099.2[4ca748293281].jpg,0,0,2,0,0,1,0,0,0,0,0,1,1,0,0
r201409834.0100.3[4952532e0289].jpg,2,0,0,0,0,1,1,0,0,0,0,1,2,0,0
r201409834.0100.5[14b6f029a27e].jpg,2,0,2,0,0,1,1,0,1,0,0,0,0,0,0
r201409834.0100.7[4d86ec26d282].jpg,0,1,2,1,0,0,1,0,0,0,0,1,0,0,0
r201409834.0102.1[1372a326d28a].jpg,0,0,2,1,0,1,1,0,0,0,0,1,1,0,1
r201409834.0102.3[4442aa366284].jpg,2,0,0,1,0,1,1,0,0,0,0,1,0,0,0
r201409834.0102.7[4247342fc286].jpg,0,1,0,0,0,1,1,1,0,0,0,0,0,0,0
r201409834.0103.3[48c3322bc289].jpg,2,0,1,0,0,1,0,0,1,0,0,0,0,0,0
r201409834.0103.5[4ac70c26f288].jpg,0,0,2,0,0,1,0,0,0,0,0,1,1,0,0
r201409834.0104.4[4362782b8288].jpg,2,0,2,0,1,1,0,0,1,0,0,0,2,0,0
r201409834.0104.6[41671a307285].jpg,0,0,2,0,0,1,1,0,0,0,0,1,3,0,0
r201409834.0105.2[46871c2ba288].jpg,0,0,2,1,0,0,1,0,0,0,0,1,2,0,0
r201409834.0106.1[0fa434310288].jpg,0,0,2,0,0,1,1,1,0,0,0,0,1,0,0
r201409834.0106.3[4924352a3288].jpg,0,0,2,0,0,1,0,0,1,0,0,0,2,0,0
r201409834.0107.1[33c6f426b287].jpg,2,0,2,0,0,1,0,0,1,0,0,0,2,0,0
r201509593.0005.0[1a416825a259].jpg,2,0,0,0,0,1,1,0,0,0,0,1,0,0,0
r201509593.0005.1[4bb16a25a259].jpg,-1,-1,2,0,0,0,2,0,0,0,0,0,-1,0,0
r201509593.0008.0[1dc16b257256].jpg,0,0,2,0,0,1,0,0,0,0,0,1,3,0,0
r201509593.0008.2[4ee15e25c262].jpg,0,0,1,0,1,0,0,0,0,0,0,1,1,0,0
r201509593.0011.0[1a116a258254].jpg,4,0,0,0,1,1,0,0,0,0,0,1,0,0,0
r201509593.0011.2[4ba16a256254].jpg,-1,-1,2,0,0,0,2,0,0,0,0,0,-1,0,0
r201509593.0024.11[549615255255].jpg,0,0,2,0,0,1,0,0,0,0,0,1,1,0,0
r201509593.0025.3[50053d256256].jpg,2,1,2,1,1,0,1,0,0,0,0,1,0,0,0
r201509593.0026.2[1a4390255257] (1).jpg,1,0,0,1,0,1,1,0,0,0,0,1,0,0,0
r201509593.0026.2[1a4390255257].jpg,1,0,0,1,0,1,1,0,0,0,0,1,0,0,0
r201509593.0026.7[547898257256] (1).jpg,0,0,2,0,0,1,1,0,0,0,0,1,0,0,0
r201509593.0026.7[547898257256].jpg,0,0,2,1,0,1,1,0,0,0,0,1,0,0,0
r201509593.0027.2[50e391255255].jpg,1,1,2,0,0,0,1,0,0,0,0,1,0,0,0
r201509593.0028.1[1941e2258256].jpg,0,0,2,0,1,1,1,0,0,0,0,1,1,0,0
r201509593.0028.6[5486ea25a258].jpg,2,0,2,1,1,0,1,0,0,0,0,1,0,0,0
r201509593.0029.2[50f22b258258].jpg,2,1,2,0,1,1,1,0,0,0,0,1,0,0,0
r201509593.0029.7[15a7bf257257].jpg,2,0,2,0,0,0,1,0,0,0,0,1,1,0,0
r201509593.0030.2[19822a255258].jpg,0,0,0,0,1,0,0,0,0,0,0,0,2,0,0
r201509593.0030.7[52f77c256256].jpg,2,0,2,1,1,0,0,0,0,1,0,0,1,0,0
r201509593.0031.2[50e349254256].jpg,2,0,2,0,0,1,1,0,0,0,0,0,2,0,0
r201509593.0032.1[198155255253] (1).jpg,2,0,2,0,1,1,1,0,0,0,0,1,0,0,0
r201509593.0032.1[198155255253].jpg,-1,-1,2,0,0,0,2,0,0,0,0,0,-1,0,0
r201509593.0032.6[548592256255].jpg,2,0,2,0,0,1,1,0,1,0,0,0,0,0,0
r201509593.0033.2[4fe420253254].jpg,1,1,0,0,0,1,1,0,0,0,0,1,0,0,0
r201509593.0033.7[16388d256257].jpg,2,0,2,0,0,1,1,0,0,0,0,1,0,0,0
r201509593.0034.2[1af39124f255].jpg,4,0,0,1,0,1,1,0,0,0,0,1,0,0,0
r201509593.0034.7[52577a255257].jpg,2,0,1,0,1,1,1,0,0,0,0,1,1,0,0
r201509593.0035.2[51a302255256].jpg,1,1,0,0,0,1,1,0,0,0,0,1,0,0,1
r201509593.0035.7[15d80a256256].jpg,0,0,0,0,1,1,1,0,0,0,0,1,0,0,1
r201509593.0036.2[1ae396257251].jpg,0,1,0,0,0,1,1,1,0,0,0,0,1,0,0
r201509593.0036.7[52588c258258].jpg,0,0,0,0,0,0,0,0,0,0,0,1,1,0,1
r201509593.0037.2[4e9392256254].jpg,2,0,0,1,1,0,0,0,0,0,0,1,1,0,0
r201509593.0037.8[1747c1256257].jpg,2,0,2,0,0,0,0,0,1,1,0,0,1,0,0
r201509593.0038.4[1ae65c258254].jpg,0,1,0,1,0,0,1,1,0,0,0,0,0,0,0
r201509593.0039.3[4e93d7259257].jpg,2,0,2,0,1,0,1,0,0,0,0,1,0,0,1
r201509593.0040.1[1bd1e425524c].jpg,0,1,0,1,0,1,1,0,0,0,0,1,0,0,1
r201509593.0040.6[524702256256].jpg,2,1,0,1,1,0,1,0,0,0,0,1,0,0,0
r201509593.0041.1[4dc1e0258257].jpg,2,0,0,0,1,1,0,0,0,0,0,1,1,0,0
r201509593.0041.7[17f6a4258258].jpg,2,0,0,1,0,0,0,0,0,0,0,1,1,0,0
r201509593.0042.1[1ba1e4257256].jpg,2,0,0,1,1,1,0,0,1,0,0,0,0,0,0
r201509593.0042.6[52577b256255].jpg,2,1,0,0,0,0,1,0,0,0,0,1,0,0,0
r201509593.0043.2[4ea276256253].jpg,2,0,2,0,1,1,0,0,1,0,0,0,1,0,0
r201509593.0043.8[174898256250].jpg,0,1,1,0,0,0,1,0,0,0,0,1,0,0,0
r201509593.0045.3[4dc154257257].jpg,2,0,0,0,0,1,1,0,1,0,0,0,0,0,0
r201509593.0045.6[191614257257].jpg,0,0,2,0,0,1,1,1,0,0,0,0,0,0,0
r201509593.0046.7[52580a255254].jpg,2,1,0,1,1,0,0,0,0,0,0,1,0,0,0
r201509593.0047.2[4e92b9258257].jpg,2,0,0,1,0,0,0,0,0,0,0,1,0,0,0
r201509593.0048.3[1ae154256257].jpg,2,0,2,0,0,1,0,0,1,0,0,0,1,0,0
r201509593.0048.6[524614256256].jpg,2,0,1,0,0,0,0,0,0,0,0,1,0,0,0
r201509593.0049.1[4e81e3257256].jpg,2,0,0,0,1,0,0,0,0,0,0,1,0,0,1
r201509593.0049.7[4e0899253251].jpg,2,0,0,0,1,1,0,0,0,0,0,1,0,0,0
r201509593.0050.3[1b4586251255].jpg,2,0,0,0,0,1,1,0,0,0,0,1,0,0,0
r201509593.0051.8[174852256255].jpg,0,1,2,0,0,0,1,0,0,0,0,1,0,0,0
r201509593.0052.2[1af3d8256256].jpg,0,0,2,1,1,1,1,0,0,0,0,1,0,0,0
r201509593.0053.0[50d19c257256].jpg,2,1,1,0,0,0,1,0,0,0,0,1,0,0,0
r201509593.0053.7[15158a257252].jpg,0,1,0,1,0,0,1,0,0,0,0,1,0,0,0
r201509593.0054.11[549875255255].jpg,-1,-1,2,0,0,0,2,0,0,0,0,0,-1,0,0
r201509593.0054.2[18c22b255256].jpg,2,0,1,0,0,1,0,0,0,0,0,1,1,0,0
r201509593.0055.3[4be59d251257].jpg,1,0,0,0,0,0,0,0,0,0,0,1,1,0,0
r201509593.0056.1[4f51b1256257].jpg,2,1,0,0,0,0,1,0,0,0,0,1,0,0,1
r201509593.0056.6[1de888257257].jpg,-1,-1,2,0,0,0,2,0,0,0,0,0,-1,0,0
r201509593.0056.7[4f388a257255].jpg,2,0,2,0,0,1,0,0,0,0,0,1,0,0,0
r201509593.0057.2[1a45e4257250].jpg,-1,-1,2,0,0,0,2,0,0,0,0,0,-1,0,0
r201509593.0057.3[4bc5e3254257].jpg,2,0,0,0,1,1,0,0,0,0,0,1,0,0,0
r201509593.0058.1[1e047e255255].jpg,-1,-1,2,0,0,0,2,0,0,0,0,0,-1,0,0
r201509593.0058.2[4f547e255255].jpg,0,0,0,1,1,0,0,0,0,0,0,1,0,0,0
r201509593.0059.0[19e16a25e256].jpg,-1,-1,2,0,0,0,2,0,0,0,0,0,-1,0,0
r201509593.0059.1[4bc16b257256].jpg,2,0,1,0,1,0,1,0,0,0,0,1,0,0,0
r201509593.0059.5[1a27d2257256].jpg,-1,-1,2,0,0,0,2,0,0,0,0,0,-1,0,0
r201509593.0059.6[4b97d3257253].jpg,0,0,0,1,0,0,0,0,0,0,0,1,0,0,1
r201509593.0060.2[1de47e257257].jpg,-1,-1,2,0,0,0,2,0,0,0,0,0,-1,0,0
r201509593.0060.3[4f447c258257].jpg,2,0,1,0,1,1,0,0,0,0,0,1,0,0,0
r201509593.0061.1[1a4294259257].jpg,-1,-1,2,0,0,0,2,0,0,0,0,0,-1,0,0
r201509593.0061.2[4ba29525a257].jpg,0,1,1,0,0,0,1,1,0,0,0,0,0,0,0
r201509593.0062.0[1e0153256256].jpg,-1,-1,2,0,0,0,2,0,0,0,0,0,-1,0,0
r201509593.0062.1[4f4153256256].jpg,2,0,2,0,0,1,0,0,0,0,0,1,0,0,0
r201509593.0062.5[1e0875255251].jpg,-1,-1,2,0,0,0,2,0,0,0,0,0,-1,0,0
r201509593.0062.6[4f6875253256].jpg,0,1,0,0,0,0,1,0,0,0,0,1,1,0,0
r201509593.0063.4[4c055824f253].jpg,2,0,0,0,1,1,1,0,0,0,0,0,1,0,1
r201509593.0064.3[4f336e256252].jpg,0,0,2,1,0,1,1,0,0,0,0,1,0,0,0
r201509593.0065.0[1a416825a259].jpg,-1,-1,2,0,0,0,2,0,0,0,0,0,-1,0,0
r201509593.0067.2[4ea420254254].jpg,2,0,0,1,0,0,1,0,1,0,0,0,0,0,0
r201509593.0067.7[4ea82d255255].jpg,0,1,0,1,1,1,1,0,0,0,0,1,0,0,0
r201509593.0068.2[1ac2b8257259].jpg,0,1,0,1,0,0,1,0,0,0,0,1,0,0,0
r201509593.0068.7[519731258257].jpg,0,0,0,0,0,0,0,0,0,0,0,1,1,0,1
r201509593.0069.2[4ee22a257259].jpg,0,0,2,1,0,1,1,0,1,0,0,0,0,0,0
r201509593.0069.9[1706e6259258].jpg,0,0,0,1,0,1,0,0,1,0,0,0,2,0,0
r201509593.0070.0[1ae15225a252].jpg,2,1,0,0,0,1,0,1,0,1,0,0,0,0,0
r201509593.0070.6[50b6ed25a255].jpg,2,0,2,0,0,1,1,0,0,0,0,1,0,0,0
r201509593.0071.10[4e8886258255].jpg,2,0,0,0,1,0,0,0,0,0,0,1,1,0,0
r201509593.0071.3[4ea4b0258257].jpg,2,0,1,0,1,0,1,0,0,0,0,1,1,0,0
r201509593.0072.2[1ba3d8264258].jpg,2,0,0,0,0,1,0,0,1,0,0,0,1,0,1
r201509593.0073.0[4e9154255254].jpg,2,0,0,0,0,0,0,0,1,0,0,0,0,0,0
r201509593.0073.5[18b6a3257257].jpg,2,0,2,0,0,1,0,0,1,0,0,0,1,0,1
r201509593.0074.1[1ac2b9258255].jpg,2,0,2,0,0,1,0,0,1,0,0,0,2,0,0
r201509593.0074.6[50e734257255].jpg,2,0,2,0,0,0,0,0,1,0,0,1,0,0,0
r201509593.0075.3[4ec586252254].jpg,1,0,0,0,0,1,0,0,0,0,0,1,2,0,0
r201509593.0076.0[1ba15425624e].jpg,2,0,0,1,0,1,0,0,1,0,0,0,2,0,0
r201509593.0076.7[51888c256257].jpg,0,1,2,0,1,1,1,0,0,0,0,1,0,0,0
r201509593.0077.3[4ec4af253256].jpg,2,0,2,0,1,0,0,0,0,0,0,1,0,0,0
r201509593.0078.0[1b0155256256].jpg,2,0,2,1,1,0,1,0,0,0,0,1,0,0,0
r201509593.0078.6[5246ec256256].jpg,0,0,0,0,0,1,0,0,1,0,0,0,1,0,0
r201509593.0079.2[4ea349259259].jpg,2,0,2,0,0,0,0,0,0,0,0,1,1,0,0
r201509593.0080.0[1b0155256255].jpg,0,1,0,0,0,1,1,1,0,0,0,0,0,0,0
r201509593.0080.6[524851256256].jpg,0,0,2,0,0,0,0,0,0,0,1,0,0,0,0
r201509593.0081.9[17a851250256].jpg,2,0,2,0,0,1,0,0,0,1,0,0,0,0,0
r201509593.0082.3[1ac4f7259255].jpg,1,0,0,1,0,1,0,0,1,0,0,0,1,0,0
r201509593.0083.1[4e81e3257255].jpg,2,0,0,0,0,0,1,0,0,0,0,1,1,0,1
r201509593.0083.8[174733257257].jpg,2,0,2,0,0,1,0,0,0,0,0,1,0,0,0
r201509593.0084.3[1af4af256255].jpg,2,1,0,0,0,1,1,0,0,1,0,0,0,0,0
r201509593.0085.0[4dd156257254].jpg,2,0,0,0,0,1,0,0,0,1,0,0,0,0,1
r201509593.0087.3[4e9540257250].jpg,2,0,0,0,1,0,0,0,0,0,0,1,2,0,0
r201509593.0088.0[1af155256253].jpg,0,1,0,1,1,0,0,0,0,0,0,1,1,0,0
r201509593.0088.5[525615255255].jpg,2,0,0,1,0,0,0,0,1,0,0,0,1,0,1
r201509593.0089.2[4e9274257256].jpg,1,0,0,1,0,0,0,0,0,0,0,1,0,0,0
r201509593.0089.8[17477b256255].jpg,0,0,0,0,0,1,0,0,0,0,0,1,1,0,0
r201509593.0090.2[1af302256255].jpg,0,0,0,1,0,0,0,0,0,0,0,1,1,0,0
r201509593.0090.8[52588f255256].jpg,2,0,0,0,0,1,0,0,0,1,0,0,1,0,0
r201509593.0091.2[4e9302256256].jpg,0,1,2,1,0,0,1,1,0,0,0,0,0,0,0
r201509593.0092.4[1af893256251].jpg,2,1,0,0,0,0,1,0,0,0,0,1,0,0,0
r201509593.0093.3[4e84ae256257].jpg,2,0,0,1,0,1,1,0,0,0,0,1,0,0,0
r201509593.0093.9[4e9890255253].jpg,0,0,0,0,1,0,0,0,0,0,0,1,0,0,1
r201509593.0094.2[1b0468255254].jpg,2,1,0,0,1,0,1,0,0,0,0,1,0,0,1
r201509593.0095.0[4e9155256256].jpg,2,0,0,0,1,1,1,0,0,1,0,0,1,0,0
r201509593.0096.3[1a0887258259].jpg,2,0,0,0,0,1,0,0,1,0,0,0,0,0,0
r201509593.0096.5[4f688a258256].jpg,-1,-1,2,0,0,0,2,0,0,0,0,0,-1,0,0
r201509593.0097.1[164434252258].jpg,2,0,0,0,0,1,0,0,1,0,0,0,1,0,0
r201509593.0098.0[1a716b256256].jpg,2,1,2,0,0,1,1,0,0,0,0,1,0,0,0
r201509593.0098.2[4e116b257256].jpg,-1,-1,2,0,0,0,2,0,0,0,0,0,-1,0,0
r201509593.0098.5[1a6742256256].jpg,2,0,0,1,1,1,0,0,0,0,0,1,0,0,0
r201509593.0098.7[4f4742255256].jpg,-1,-1,2,0,0,0,2,0,0,0,0,0,-1,0,0
r201509593.0099.1[18d291257257].jpg,2,1,2,0,0,1,1,0,0,0,0,1,0,0,0
r201509593.0099.3[4ce293256255].jpg,-1,-1,2,0,0,0,2,0,0,0,0,0,-1,0,0
r201509593.0100.0[1b816a257257].jpg,0,1,0,0,1,1,1,0,0,0,0,1,1,0,0
r201509593.0100.2[50616a257257].jpg,-1,-1,2,0,0,0,2,0,0,0,0,0,-1,0,0
r201509593.0108.7[19181b25524f].jpg,0,0,2,0,0,1,0,0,0,0,0,1,0,0,0
r201509593.0109.1[18d47d257256].jpg,2,0,0,0,0,1,0,0,0,0,0,1,2,0,0
r202103041_tm.txt.80eb37.jpg,-1,-1,2,0,0,0,2,0,0,0,0,0,-1,0,0
r202103041_tm.txt.80eb41.jpg,3,0,2,0,0,1,0,0,1,0,0,0,2,0,0
r202103041_tm.txt.80f013.jpg,2,0,2,0,1,0,0,0,0,0,0,1,0,0,1
r202103041_tm.txt.80f019.jpg,2,0,0,0,0,1,0,0,0,0,1,0,0,0,0
r202103041_tm.txt.80f01d.jpg,2,0,2,0,0,1,0,0,1,0,0,0,2,0,0
r202103041_tm.txt.80f024.jpg,2,0,0,0,0,1,1,0,0,0,0,0,0,0,0
r202103041_tm.txt.80f029.jpg,2,0,2,1,0,0,1,0,0,0,0,1,0,0,0
r202103041_tm.txt.80f02e.jpg,3,1,2,0,1,0,0,0,0,1,0,0,0,1,0
r202103041_tm.txt.80f048.jpg,0,0,2,0,0,1,0,0,0,0,1,0,1,0,1
r202103041_tm.txt.80f052.jpg,3,0,2,0,1,1,0,0,0,0,0,1,2,1,0
r202103041_tm.txt.80f056.jpg,-1,-1,2,0,0,0,2,0,0,0,0,0,-1,0,0
r202103041_tm.txt.80f05a.jpg,2,0,1,0,1,1,0,0,1,0,0,0,0,1,0
r202103041_tm.txt.80f066.jpg,3,1,2,0,0,0,1,0,0,0,0,0,2,0,0
r202103041_tm.txt.80f06a.jpg,0,0,2,0,0,0,0,0,0,0,0,0,0,0,0
r202103041_tm.txt.80f06e.jpg,3,0,2,0,0,1,0,0,1,0,0,0,2,0,0
r202103041_tm.txt.80f075.jpg,-1,-1,2,0,0,0,2,0,0,0,1,0,-1,0,0
r202103041_tm.txt.80f079.jpg,2,0,0,0,0,1,0,1,0,0,0,0,0,0,0
r202103041_tm.txt.80f07e.jpg,3,0,0,0,1,1,0,0,0,0,0,1,1,0,0
r202103041_tm.txt.80f082.jpg,2,0,0,1,0,0,0,0,1,0,0,0,2,0,0
r202103041_tm.txt.80f087.jpg,3,1,0,1,1,0,1,0,0,0,0,1,0,0,0
r202103041_tm.txt.80f090.jpg,3,0,2,0,1,1,1,0,0,0,0,1,0,0,0
r202103041_tm.txt.80f094.jpg,3,0,2,1,0,0,1,1,0,0,0,0,1,0,0
r202103041_tm.txt.80f099.jpg,3,0,2,0,1,1,0,0,0,0,1,0,0,0,0
r202103041_tm.txt.80f0a0.jpg,-1,-1,2,0,0,0,2,0,0,0,0,0,-1,0,0
r202103041_tm.txt.80f0b2.jpg,2,0,0,0,0,0,0,1,0,0,0,0,1,0,0
r202103041_tm.txt.80f0b6.jpg,0,1,0,0,0,1,1,1,0,0,0,0,0,0,0
r202103041_tm.txt.80f0cd.jpg,0,0,2,0,0,0,1,0,0,0,0,0,0,0,0
r202103041_tm.txt.80f0d2.jpg,3,0,2,0,0,1,0,0,1,0,0,0,3,0,0
r202103041_tm.txt.80f0d6.jpg,1,0,0,1,0,0,0,0,0,0,1,0,1,0,0
r202103041_tm.txt.80f0dd.jpg,3,0,0,0,1,1,0,0,0,0,0,1,2,0,0
r202103041_tm.txt.8102e2.jpg,2,0,2,0,1,1,1,0,0,0,0,1,0,0,0
r202103041_tm.txt.8102e6.jpg,2,0,0,0,1,0,1,0,0,0,0,1,1,0,0
r202103041_tm.txt.8102ec.jpg,2,0,0,0,1,0,0,0,0,0,0,1,0,0,0
r202103041_tm.txt.8102f1.jpg,0,1,0,0,0,0,1,0,0,0,0,1,0,0,0
r202103041_tm.txt.8102f7.jpg,1,0,0,1,0,1,0,0,0,0,0,1,0,0,0
r202103041_tm.txt.81030a.jpg,0,0,0,1,0,1,1,0,0,0,0,1,0,0,0
r202103041_tm.txt.810312.jpg,3,0,2,0,0,1,1,0,0,0,0,0,1,0,0
r202103041_tm.txt.8103a9.jpg,3,0,2,0,0,1,1,0,0,0,0,0,0,0,0
r202103041_tm.txt.8103ae.jpg,0,1,2,0,0,0,1,0,0,0,0,0,0,0,0
r202103041_tm.txt.8109ce.jpg,2,0,2,0,1,1,1,0,0,0,0,1,0,0,0
r202103041_tm.txt.8109d9.jpg,2,0,2,0,1,1,0,0,1,0,0,0,1,0,0
r202103041_tm.txt.8109e0.jpg,2,0,2,0,0,1,0,0,1,0,0,0,0,0,0
r202103041_tm.txt.8109e5.jpg,3,1,1,0,1,0,1,0,0,0,0,1,1,1,0
r202103041_tm.txt.8109e9.jpg,3,0,0,0,1,0,1,0,0,0,0,1,1,0,0
r202103041_tm.txt.810a0e.jpg,2,0,2,0,1,0,0,0,0,0,1,0,0,0,0
r202103041_tm.txt.810a3c.jpg,2,0,1,0,1,0,0,0,0,0,0,1,0,1,0
r202103041_tm.txt.810a41.jpg,2,0,0,1,1,0,0,0,0,0,0,1,0,0,0
r202103041_tm.txt.810a67.jpg,0,0,2,0,0,1,0,0,1,0,0,0,1,0,0
r202103041_tm.txt.810a6d.jpg,2,0,2,0,0,1,0,0,0,0,1,0,1,1,0
r202103041_tm.txt.810a71.jpg,2,0,2,0,0,1,0,0,0,0,0,1,0,0,0
r202103041_tm.txt.810a78.jpg,2,0,2,0,1,0,0,0,1,0,0,0,1,0,0
r202103041_tm.txt.810a8e.jpg,3,0,0,0,0,1,1,1,0,0,0,0,0,0,0
r202103041_tm.txt.810a92.jpg,4,0,2,0,0,1,0,0,0,0,0,1,1,0,0
r202103041_tm.txt.810a99.jpg,-1,-1,2,0,0,0,2,0,0,0,0,0,-1,0,0
r202103041_tm.txt.810aba.jpg,2,0,1,0,1,0,0,0,0,0,1,0,0,0,0
r202103041_tm.txt.810abd.jpg,3,0,1,0,1,0,0,0,0,0,0,0,1,1,0
r202103041_tm.txt.810ac2.jpg,-1,-1,2,0,0,0,2,0,0,0,0,0,-1,0,0
r202103041_tm.txt.810aca.jpg,-1,-1,2,0,0,0,2,0,0,0,0,0,-1,0,0
r202103041_tm.txt.810ace.jpg,3,0,2,0,0,1,0,0,1,0,0,1,1,1,0
r202103041_tm.txt.810ae3.jpg,2,0,2,0,0,0,0,0,0,0,0,1,0,0,0
r202103041_tm.txt.810ae8.jpg,2,0,2,1,1,0,0,0,0,0,0,1,0,0,1
r202103041_tm.txt.810aee.jpg,2,0,1,0,1,1,0,0,1,0,0,0,0,0,0
r202103041_tm.txt.810af6.jpg,-1,-1,2,0,0,0,2,0,0,0,0,0,-1,0,0
r202103041_tm.txt.810afc.jpg,2,-1,2,0,1,1,1,0,0,0,0,1,0,0,0
r202103041_tm.txt.810b06.jpg,2,0,2,0,1,1,0,0,0,0,0,1,0,0,0
r202103041_tm.txt.810b1b.jpg,3,0,2,0,0,1,1,0,1,0,0,0,1,0,0
r202103041_tm.txt.810b1f.jpg,-1,-1,2,0,0,0,2,0,0,0,0,0,-1,0,0
r202103041_tm.txt.810b26.jpg,2,0,2,0,1,0,0,0,0,0,1,0,0,0,0
r202103041_tm.txt.810b29.jpg,2,0,2,1,1,0,0,0,0,0,0,1,0,0,0
r202103041_tm.txt.810b2e.jpg,2,0,2,0,1,0,0,0,0,0,1,0,0,0,0
r202103041_tm.txt.810b39.jpg,2,0,2,0,0,1,0,0,0,0,0,1,1,0,0
r202103041_tm.txt.810b84.jpg,2,0,0,0,1,0,1,0,0,0,0,1,0,0,0
r202103041_tm.txt.810b91.jpg,2,0,2,0,1,0,1,0,0,0,0,1,0,0,0
r202103041_tm.txt.810bc7.jpg,2,0,0,1,1,0,0,0,0,0,0,1,1,0,0
r202103041_tm.txt.811904.jpg,2,0,0,0,0,1,0,0,1,0,0,0,2,0,0
r202103041_tm.txt.81196d.jpg,2,0,0,0,1,1,0,0,0,0,0,1,0,0,0
r202103041_tm.txt.811972.jpg,2,0,0,0,0,0,0,0,0,0,0,1,1,0,0
r202103041_tm.txt.81197c.jpg,3,1,2,0,0,1,1,0,0,0,0,1,0,0,0
r202103041_tm.txt.811a0a.jpg,2,0,2,0,0,1,0,0,1,0,0,0,1,0,0
r202103041_tm.txt.811a2d.jpg,-1,-1,2,0,0,0,2,0,0,0,0,0,-1,0,0
r202103041_tm.txt.811a41.jpg,-1,-1,2,0,0,0,2,0,0,0,0,0,-1,0,0
r202103041_tm.txt.811a47.jpg,2,0,1,0,0,1,0,0,0,0,0,1,2,1,0
r202103041_tm.txt.811a4c.jpg,2,1,2,0,1,1,1,0,0,0,0,1,0,0,0
r202103041_tm.txt.811a75.jpg,4,0,2,0,0,0,1,1,0,0,0,0,0,0,0
r202103041_tm.txt.811a7b.jpg,2,1,0,1,1,0,1,1,0,0,0,0,0,0,0
r202103041_tm.txt.811acb.jpg,0,0,0,0,0,1,1,0,0,0,0,1,0,0,0
r202103041_tm.txt.811ace.jpg,0,0,0,0,1,1,0,0,0,0,0,1,1,0,0
r202103041_tm.txt.811ad6.jpg,3,1,2,0,1,1,1,0,0,0,0,0,1,0,0
r202103041_tm.txt.811add.jpg,2,0,0,0,0,0,0,0,0,0,0,1,1,1,0
r202103041_tm.txt.811ae3.jpg,3,-1,1,0,1,0,0,0,0,0,1,0,0,1,0
r202103041_tm.txt.811ae7.jpg,4,1,2,0,0,0,1,0,0,0,0,0,0,0,0
r202103041_tm.txt.811aec.jpg,0,1,0,1,0,0,1,0,0,0,0,1,0,0,0
r202103041_tm.txt.811afb.jpg,3,0,0,1,0,1,1,0,0,0,0,1,0,0,0
r202103041_tm.txt.811b05.jpg,1,0,1,1,0,1,0,0,0,0,0,1,0,0,0
r202103041_tm.txt.811b67.jpg,2,0,2,0,1,1,0,0,0,0,1,0,1,0,0
r202103041_tm.txt.811b6b.jpg,0,0,0,1,1,0,0,0,1,0,0,0,1,0,0
r202103041_tm.txt.811b89.jpg,-1,-1,2,0,0,0,2,0,0,0,0,0,-1,0,0
r202103041_tm.txt.811b9d.jpg,3,0,2,0,0,0,0,0,0,0,0,0,1,0,0
r202103041_tm.txt.811bad.jpg,2,0,2,0,0,1,0,0,1,0,0,0,0,0,0
r202103041_tm.txt.811bb4.jpg,2,0,2,0,1,1,1,0,0,0,0,1,0,0,0
r202103041_tm.txt.811bbe.jpg,0,1,0,1,0,1,1,0,0,0,0,1,0,0,0
r202103041_tm.txt.811bca.jpg,2,0,0,0,0,0,1,1,0,0,0,0,0,0,0
r202103041_tm.txt.811bcf.jpg,2,0,1,0,0,0,2,0,0,0,0,1,2,1,0
r202103041_tm.txt.811bd8.jpg,0,0,2,1,1,0,0,0,0,0,0,1,1,0,1
r202103041_tm.txt.811bdf.jpg,2,0,2,0,1,0,0,0,0,0,1,0,1,0,0
r202103041_tm.txt.811be3.jpg,-1,-1,2,0,0,0,2,0,0,0,0,0,-1,0,0
r202103041_tm.txt.811be8.jpg,2,0,1,0,1,1,0,0,0,0,0,1,0,0,0
r202103041_tm.txt.811bec.jpg,3,0,2,0,0,0,0,0,0,0,0,0,3,0,0
r202103041_tm.txt.811bf0.jpg,2,0,2,0,0,1,0,0,0,0,1,0,1,0,0
r202103041_tm.txt.811bf3.jpg,-1,-1,2,0,0,0,2,0,0,0,0,0,-1,0,0
r202103041_tm.txt.811c06.jpg,3,0,0,0,1,1,0,0,0,0,0,1,1,0,0
r202103041_tm.txt.811c0e.jpg,2,0,0,0,1,1,0,0,1,0,0,0,2,0,0
r202103041_tm.txt.811c11.jpg,2,0,2,0,0,0,0,0,0,0,0,0,1,0,0
r202103041_tm1.txt.80e640.jpg,2,1,0,0,1,0,1,0,0,0,0,1,0,0,0
r202103041_tm1.txt.80e650.jpg,2,0,2,0,1,0,0,0,0,0,0,1,0,0,0
r202103041_tm1.txt.80e654.jpg,-1,-1,2,0,0,0,2,0,0,0,0,0,-1,0,0
r202103041_tm1.txt.80e658.jpg,1,0,2,0,1,0,0,0,1,0,0,0,0,0,0
r202103041_tm1.txt.80e686.jpg,3,0,2,0,0,1,0,0,0,0,0,1,1,0,1
r202103041_tm1.txt.80e691.jpg,3,0,0,0,0,1,1,0,0,0,0,1,2,0,0
r202103041_tm1.txt.80e697.jpg,2,0,2,0,1,1,0,0,0,0,0,1,1,0,0
r202103041_tm1.txt.80e9c3.jpg,3,0,2,0,1,1,0,0,0,1,0,0,1,0,0
r202103041_tm1.txt.80e9c8.jpg,3,0,1,0,1,0,0,0,1,0,0,0,2,1,0
r202103041_tm1.txt.80e9d2.jpg,2,0,2,0,1,1,0,0,0,0,1,0,0,0,1
r202103041_tm1.txt.80e9d6.jpg,2,0,2,0,0,0,2,0,0,0,0,0,1,0,0
r202103041_tm1.txt.80e9d9.jpg,3,0,2,0,0,0,2,0,0,0,0,0,1,0,0
r202103041_tm1.txt.80e9dd.jpg,2,0,0,0,0,0,0,0,1,0,0,0,1,0,0
r202103041_tm1.txt.80e9e3.jpg,3,0,0,1,1,1,1,0,0,0,0,1,0,0,0
r202103041_tm1.txt.80e9e6.jpg,3,0,2,0,0,1,0,0,1,0,0,0,2,0,0
r202103041_tm1.txt.80e9ea.jpg,3,0,2,0,1,0,0,0,0,0,0,1,1,0,1
r202103041_tm1.txt.80e9ee.jpg,2,0,2,1,0,1,0,0,0,0,0,1,1,0,0
r202103041_tm1.txt.80e9f2.jpg,3,0,2,0,0,0,1,0,0,0,0,0,-1,0,0
r202103041_tm1.txt.80e9fd.jpg,3,0,2,0,0,1,0,0,0,1,0,0,0,0,0
r202103041_tm1.txt.80ea08.jpg,3,0,2,0,0,0,1,0,0,0,0,0,-1,0,0
r202103041_tm1.txt.80ea0e.jpg,3,0,2,0,0,0,1,0,0,0,0,0,1,0,0
r202103041_tm1.txt.80ea29.jpg,3,0,2,0,0,0,0,0,0,0,0,0,2,0,0
r202103041_tm1.txt.80ea36.jpg,3,-1,2,0,0,0,2,0,0,0,0,0,-1,0,0
r202103041_tm1.txt.80ea3a.jpg,2,0,0,0,1,1,0,0,0,1,0,0,0,0,0
r202103041_tm1.txt.80ea3e.jpg,3,0,2,0,0,0,2,0,0,0,0,0,-1,0,0
r202103041_tm1.txt.80ea42.jpg,2,0,1,0,0,1,0,0,1,0,0,0,2,0,0
r202103041_tm1.txt.80ea48.jpg,0,0,2,0,0,1,0,0,0,0,0,1,2,0,0
r202103041_tm1.txt.80ea90.jpg,3,0,2,0,0,1,0,0,0,0,0,1,1,0,0
r202103041_tm1.txt.80ea95.jpg,2,0,0,1,0,1,0,1,0,0,0,0,0,0,0
r202103041_tm1.txt.80ea9c.jpg,3,0,2,0,0,0,1,0,0,0,0,0,0,0,0
r202103041_tm1.txt.80eaa3.jpg,3,0,2,0,0,0,1,0,0,0,0,0,1,0,0
r202103041_tm1.txt.80eaa8.jpg,2,1,2,0,0,0,1,0,0,0,0,0,0,0,0
r202103041_tm1.txt.80eac3.jpg,1,0,0,1,0,1,1,0,0,0,0,1,0,0,0
r202103041_tm1.txt.80eac4.jpg,3,0,1,0,1,1,0,0,1,0,0,0,1,0,0
r202103041_tm1.txt.80ead0.jpg,0,0,2,0,0,1,1,0,0,0,0,1,0,0,0
r202103041_tm1.txt.80ead2.jpg,2,0,1,0,1,0,0,0,1,0,0,0,0,0,0
r202103041_tm1.txt.80eadb.jpg,0,1,0,1,0,0,1,1,0,0,0,0,0,0,0
r202103041_tm1.txt.80eade.jpg,3,0,2,0,0,1,0,0,0,1,0,0,0,0,0
r202103041_tm1.txt.80eae4.jpg,0,1,2,0,0,0,1,0,0,0,0,0,0,0,0
r202103041_tm1.txt.80eae6.jpg,3,0,2,0,0,0,0,0,0,0,0,0,1,0,0
r202103041_tm1.txt.80eaf2.jpg,2,0,2,0,0,1,1,0,0,0,0,1,0,0,0
r202103041_tm1.txt.80eafd (1).jpg,2,0,0,0,1,0,0,0,0,0,1,0,0,0,1
r202103041_tm1.txt.80eafd.jpg,-1,-1,2,0,0,0,2,0,0,0,0,0,-1,0,0
r202103041_tm1.txt.80eb07.jpg,2,0,0,0,1,1,0,0,0,0,0,1,1,0,0
r202103041_tm1.txt.80eb10.jpg,2,0,2,0,0,1,0,0,0,0,1,0,1,0,0
r202103041_tm1.txt.80eb1e.jpg,2,0,0,0,0,1,0,0,1,0,0,0,1,0,0
r202103041_tm1.txt.80eb26.jpg,3,1,2,0,0,0,1,0,0,0,0,0,-1,0,0
1.jpg,3,0,2,0,1,1,0,0,0,0,0,1,0,0,0
snap0004.png,4,1,1,0,0,0,1,0,0,0,0,0,0,0,0
snap0005.png,2,1,2,1,0,0,1,1,0,0,0,0,0,0,0
snap0007.png,2,0,0,0,1,1,2,0,1,0,0,0,0,0,0
snap0008.png,2,1,2,0,1,1,1,0,0,0,0,1,0,0,0
snap0009.png,2,1,0,0,1,1,1,0,1,0,0,0,0,0,1
snap001.png,3,1,1,0,1,1,1,0,0,0,0,1,0,0,0
snap0010.png,2,0,1,0,1,1,1,0,0,0,0,1,0,0,1
snap0011.png,0,1,0,1,0,1,1,0,0,1,0,0,0,0,0
snap0013.png,2,1,2,0,1,1,1,1,0,0,0,0,0,0,0
snap0014.jpg,3,0,2,0,0,1,1,0,1,0,0,0,0,0,0
snap0015.jpg,2,0,1,0,1,1,1,0,0,0,0,1,0,0,0
snap0016.jpg,4,1,2,0,1,0,1,1,0,0,0,0,0,0,0
snap0017.jpg,2,1,1,0,1,0,1,0,0,0,0,1,1,0,0
snap0018.jpg,2,1,1,0,1,0,1,0,0,0,0,1,0,0,0
snap0019.jpg,2,0,2,0,0,1,1,0,0,0,0,1,1,0,0
snap002.png,2,1,1,0,1,0,1,0,0,0,0,1,0,1,0
snap0020.jpg,2,0,2,0,0,1,1,0,1,0,0,0,0,0,0
snap0021.jpg,2,1,2,0,0,1,1,0,0,0,0,1,0,0,0
snap0022.jpg,2,1,2,1,1,0,1,0,0,0,0,1,0,0,0
snap0023.jpg,2,0,2,0,1,1,1,0,1,0,0,0,0,0,0
snap0024.jpg,2,0,1,0,1,1,2,0,0,0,1,0,0,0,0
snap0025.jpg,2,0,1,0,1,1,1,0,0,0,0,1,0,0,0
snap0026.jpg,2,0,0,0,0,1,1,0,0,0,0,1,1,0,0
snap0027.jpg,0,0,2,1,0,1,1,0,0,0,0,1,0,0,0
snap0028.jpg,2,0,2,0,0,0,2,0,0,1,0,0,0,0,0
snap0029.jpg,2,1,1,0,1,0,1,0,0,0,0,1,0,0,1
snap0030.jpg,0,0,1,1,0,1,1,0,0,0,0,1,2,0,0
snap0031.jpg,2,0,1,0,1,1,2,0,1,0,0,0,3,0,0
snap0032.jpg,3,0,2,0,0,1,1,1,0,0,0,0,3,0,0
snap0033.jpg,2,0,2,0,0,1,1,0,0,1,0,0,0,0,0
snap0034.jpg,2,0,2,0,0,1,1,0,0,0,0,1,0,0,0
snap0035.jpg,-1,-1,2,0,0,0,2,0,0,0,0,0,-1,0,0
snap0036.jpg,-1,-1,2,0,0,0,2,0,0,0,0,0,-1,0,0
snap0037.jpg,3,1,0,0,0,1,1,0,0,0,0,1,0,0,0
snap0038.jpg,2,1,2,0,0,1,1,0,0,0,0,1,0,0,0
snap0039.jpg,2,0,2,0,1,0,1,0,1,0,0,0,-1,0,1
snap0040.jpg,2,1,0,1,1,1,1,0,0,0,0,1,0,0,0
snap0041.jpg,2,0,0,1,1,1,1,0,1,0,0,0,0,0,0
snap0042.jpg,2,1,2,0,1,0,1,0,0,0,0,1,0,0,0
snap0043.jpg,0,1,2,0,1,0,1,0,0,0,0,1,0,0,0
snap0044.jpg,2,1,2,0,1,0,1,0,0,0,0,1,1,0,0
snap0045.jpg,2,0,1,0,1,1,1,0,0,0,0,1,0,0,0
snap0046.jpg,2,0,2,0,1,1,1,0,0,0,0,1,0,0,0
snap0047.jpg,3,0,0,0,0,1,1,1,0,0,0,0,0,0,0
snap0048.jpg,2,0,0,1,1,1,1,0,0,0,0,1,0,0,0
snap0049.jpg,2,0,2,1,1,1,1,0,1,0,0,0,1,0,0
snap0050.jpg,2,0,1,1,1,0,1,0,0,0,0,1,0,0,0
snap0051.jpg,2,0,2,0,1,1,1,0,0,0,0,1,0,0,0
snap0052.jpg,0,1,2,0,0,1,1,0,0,0,0,1,0,0,0
snap0053.jpg,2,0,2,1,0,1,1,0,0,0,0,1,0,0,0
snap0055.jpg,2,1,2,1,1,0,1,0,0,0,0,1,0,0,0
snap0056.jpg,2,1,2,0,1,0,1,0,0,0,0,1,0,0,0
snap0057.jpg,2,1,1,0,1,0,2,0,0,0,0,0,0,0,0
snap0058.jpg,2,0,2,0,1,0,1,0,0,0,0,1,0,0,0
snap0059.jpg,2,0,2,0,1,1,1,0,0,0,0,1,0,0,0
snap0060.jpg,2,1,2,0,1,0,1,1,0,0,0,0,0,0,0
snap0061.jpg,2,0,1,0,1,0,1,0,0,0,0,1,0,0,0
snap0062.jpg,2,1,1,1,0,0,2,0,0,0,0,1,0,0,0
snap0063.jpg,2,0,2,0,1,1,1,0,0,1,0,0,0,0,0
snap0064.jpg,2,0,0,0,0,0,1,1,0,0,0,0,0,0,0
snap0065.jpg,2,1,1,0,1,1,1,0,0,0,0,1,0,1,1
snap0066.jpg,2,0,0,0,1,0,1,0,0,0,0,1,0,0,0
snap0067.jpg,2,1,2,0,1,1,1,0,0,0,0,1,1,0,0
snap0068.jpg,3,0,2,0,1,1,1,0,0,0,0,1,0,0,0
snap0069.jpg,4,0,2,0,1,1,1,0,0,0,0,1,0,0,0
snap0070.jpg,2,1,2,0,1,0,1,0,0,0,0,1,0,0,0
snap0071.jpg,2,0,2,0,1,1,1,0,1,0,0,0,0,0,0
snap0072.jpg,2,1,2,0,1,0,1,0,0,1,0,0,0,0,0
snap0073.jpg,3,1,2,0,1,0,1,0,0,0,0,1,0,0,0
snap0074.jpg,2,0,2,1,1,1,1,0,0,0,0,1,1,0,0
snap0075.jpg,2,0,0,0,0,1,1,0,0,0,0,1,0,0,0
snap0076.jpg,2,0,2,0,0,1,0,0,0,0,0,1,1,0,0
snap0077.jpg,0,0,0,0,0,1,1,1,0,0,0,0,0,0,0
snap0078.jpg,3,0,1,0,0,1,1,1,0,0,0,0,0,0,0
snap0079.jpg,2,1,2,0,1,0,1,0,0,0,0,1,0,0,0
snap0080.jpg,2,1,2,0,1,0,2,0,0,0,0,1,0,0,0
snap0081.jpg,2,1,2,0,1,1,1,0,0,0,0,1,0,0,0
snap0082.jpg,0,0,2,1,1,0,1,1,0,0,0,0,0,0,0
snap0083.jpg,2,1,2,0,1,0,1,0,0,0,0,1,0,0,0
snap0084.jpg,2,0,2,0,0,0,1,0,0,0,0,1,0,0,0
snap0085.jpg,2,0,2,0,1,1,1,0,0,0,0,1,0,0,0
snap0086.jpg,2,0,2,0,1,0,1,0,0,0,0,1,0,0,0
snap0087.jpg,2,1,1,1,1,0,1,0,0,0,0,1,0,0,0
snap0088.jpg,2,0,2,0,1,1,1,0,1,0,0,0,0,0,0
snap0089.jpg,2,1,0,0,0,1,1,0,0,1,0,0,0,0,0
snap0090.jpg,2,1,0,1,1,1,1,0,0,0,0,1,0,0,0
snap0091.jpg,2,1,2,0,1,0,1,0,0,0,0,1,0,0,0
snap0092.jpg,2,0,1,0,1,0,1,0,1,0,0,0,0,0,0
snap0093.jpg,2,0,2,0,0,1,1,0,1,0,0,0,1,0,0
snap0095.jpg,4,0,2,0,1,0,1,0,0,0,0,1,0,0,0
snap0096.jpg,2,0,2,0,0,1,2,1,0,0,0,0,0,0,1
snap0097.jpg,2,0,2,1,0,1,1,0,0,0,0,1,0,0,0
snap0098.jpg,0,0,2,1,0,1,0,0,0,0,0,1,1,0,0
snap0099.jpg,2,0,2,0,0,1,1,0,1,0,0,0,0,0,0
snap0100.jpg,2,0,1,0,0,1,1,0,1,0,0,0,0,0,0
snap0101.jpg,2,1,1,0,1,0,1,1,0,0,0,0,0,0,0
snap0102.jpg,3,0,0,0,1,1,1,0,0,0,0,1,2,0,0
snap0103.jpg,2,1,2,0,1,1,1,0,0,0,0,1,0,0,0
snap0104.jpg,2,0,1,0,0,1,1,0,1,0,0,0,1,0,0
snap0105.jpg,2,0,2,0,0,1,1,0,1,0,0,0,0,0,0
snap0106.jpg,2,1,2,0,1,0,1,0,0,0,0,1,1,0,0
snap0107.jpg,2,0,1,0,1,0,1,0,1,0,0,0,0,0,0
snap0108.jpg,0,1,0,0,0,1,1,1,0,0,0,0,0,0,0
